label,offset,n,state_ppl_mean,state_ppl_std,state_latency_mean,state_latency_std,state_size_kb_mean,state_size_kb_std
baseline,1,160,33.95432807721062,38.32079477594375,0.37409965640399606,0.28316710742649426,19105.9423828125,0.0
baseline,2,142,33.016179687789354,27.023553914461846,0.4245617703901945,0.29425140711271275,19105.9423828125,0.0
baseline,3,160,28.53598229130997,24.003511805645342,0.4041998918808531,0.349216622925794,19105.9423828125,0.0
baseline,4,142,29.71123711291249,28.022235006426158,0.4366538493015187,0.29676914328601584,19105.9423828125,0.0
baseline,5,160,30.164651475468656,30.84958859426898,0.39959451692411674,0.34653842936804086,19105.9423828125,0.0
baseline,6,142,32.153231301984654,32.02277389789326,0.44932565580345163,0.2943015840197777,19105.9423828125,0.0
baseline,7,160,37.098815508491356,41.17908182486871,0.42530651211272924,0.39024136775312174,19105.9423828125,0.0
baseline,8,142,41.40519669631268,49.32868929911093,0.48141357407603463,0.319582255406511,19105.9423828125,0.0
baseline,9,100,42.47193158564345,47.2800312610717,0.4168662070576101,0.3509359108875944,19105.9423828125,0.0
baseline,10,130,46.48025341430281,70.96343204284952,0.46830970871333893,0.3184449300588785,19105.9423828125,0.0
baseline,11,72,43.18212244075398,49.19612257754303,0.4108270075586107,0.36370219811379023,19105.9423828125,0.0
baseline,12,115,44.01656164651011,44.67356989234197,0.45556301889212236,0.3323090007219842,19105.9423828125,0.0
baseline,13,46,39.49052379994665,43.46311219401329,0.44401789304759837,0.4130043817642303,19105.9423828125,0.0
baseline,14,96,49.71978625514222,52.49468227821749,0.5064231924091777,0.3909625909341194,19105.9423828125,0.0
baseline,15,27,34.328964050955825,35.06574457370522,0.46951892758133235,0.530713207863349,19105.9423828125,0.0
baseline,16,78,53.06896708105931,50.34888707111989,0.4805158876025906,0.3718094970495417,19105.9423828125,0.0
baseline,17,6,13.633239612413261,19.752856380319493,0.5800903489192327,0.8510647367121696,19105.9423828125,0.0
baseline,18,65,53.696786590340686,53.56826356530322,0.48024477157741785,0.3559060584923082,19105.9423828125,0.0
baseline,20,54,61.27508750388898,69.47536560629227,0.4602219830784533,0.36000456606362,19105.9423828125,0.0
baseline,22,41,64.98217176643136,76.72074832368301,0.4459964502148512,0.42911773931569885,19105.9423828125,0.0
baseline,24,30,79.1976588726514,111.1644950796058,0.46474419149259727,0.34438960636075255,19105.9423828125,0.0
baseline,26,22,109.44348698487808,133.32791288043984,0.4063293570652604,0.2655397151448635,19105.9423828125,0.0
baseline,28,16,188.94217040973209,241.4010269368332,0.40079326485283673,0.24120074040593947,19105.9423828125,0.0
baseline,30,6,409.5987414919432,528.9348198022452,0.3398401380206148,0.18156061166241824,19105.9423828125,0.0
carryover_alpha_1.0,1,160,52.67410293389173,56.56779085445218,0.6474130535149015,0.3065389695477398,19106.0908203125,0.0
carryover_alpha_1.0,2,142,49.95318013328847,54.061932204937214,0.6743018652942084,0.3324947103929393,19106.0908203125,0.0
carryover_alpha_1.0,3,160,47.43893503855482,42.898654286399804,0.6682253748353105,0.36799246988334194,19106.0908203125,0.0
carryover_alpha_1.0,4,142,46.032039139917515,44.94510816640703,0.6676486560707571,0.36001480462347213,19106.0908203125,0.0
carryover_alpha_1.0,5,160,48.51250096326658,47.74434864573145,0.6766269352287054,0.3925817281481621,19106.0908203125,0.0
carryover_alpha_1.0,6,142,48.852247249443906,52.85472327108984,0.6962942690326189,0.3605947527467949,19106.0908203125,0.0
carryover_alpha_1.0,7,160,57.18364431574938,62.448698672540374,0.6957154280273243,0.40942519864523763,19106.0908203125,0.0
carryover_alpha_1.0,8,142,58.212085003104846,72.13163738770952,0.7237758918560412,0.3681056541547831,19106.0908203125,0.0
carryover_alpha_1.0,9,100,62.345814205454715,70.09706520779633,0.660357299335301,0.37887975078540065,19106.0908203125,0.0
carryover_alpha_1.0,10,130,60.38219040386354,83.15601567063861,0.7304282186696163,0.3783413745454707,19106.0908203125,0.0
carryover_alpha_1.0,11,72,61.78434979474191,73.17623714485084,0.6632506412376339,0.3819524450710907,19106.0908203125,0.0
carryover_alpha_1.0,12,115,59.713954764772105,72.73219783648725,0.7137978153627204,0.36014835302193426,19106.0908203125,0.0
carryover_alpha_1.0,13,46,48.37471307839544,45.148575513295,0.6875089522775101,0.4260924892476509,19106.0908203125,0.0
carryover_alpha_1.0,14,96,70.91409101328499,101.43714639715448,0.730492838784509,0.41148456772179626,19106.0908203125,0.0
carryover_alpha_1.0,15,27,41.54192281374066,36.452154526427684,0.7064845217391849,0.44214390694653877,19106.0908203125,0.0
carryover_alpha_1.0,16,78,85.19376868980943,152.6187902134836,0.7153452638632212,0.41737569385682105,19106.0908203125,0.0
carryover_alpha_1.0,17,6,16.955795966415696,20.38984601568772,0.9590021180920303,0.745902233419948,19106.0908203125,0.0
carryover_alpha_1.0,18,65,81.48594805538868,129.49248818254387,0.7128062337780228,0.3980244041354446,19106.0908203125,0.0
carryover_alpha_1.0,20,54,103.1779834251357,251.72234317836853,0.7017328836782663,0.36737251117710656,19106.0908203125,0.0
carryover_alpha_1.0,22,41,107.20512100784345,205.8646186967838,0.6919940601716318,0.4403772708072437,19106.0908203125,0.0
carryover_alpha_1.0,24,30,134.5625063060555,350.51928199955455,0.7348799971863628,0.3597504105459294,19106.0908203125,0.0
carryover_alpha_1.0,26,22,159.72665990242177,297.2413377943518,0.6459529596296224,0.3303009638698371,19106.0908203125,0.0
carryover_alpha_1.0,28,16,255.2622116080256,436.8262611508576,0.6044645147630945,0.2556951597294305,19106.0908203125,0.0
carryover_alpha_1.0,30,6,609.0109441641949,953.2666541262121,0.6400305804175636,0.2299340734326858,19106.0908203125,0.0
carryover_alpha_0.9,1,160,43.792714646526164,49.04213204538526,0.6916358795657288,0.3142180592779504,19106.0908203125,0.0
carryover_alpha_0.9,2,142,41.76271415250617,38.33608143357033,0.7431514025534648,0.3342214267454864,19106.0908203125,0.0
carryover_alpha_0.9,3,160,39.54649978151063,34.13320582330814,0.7166658106143586,0.3647055873715083,19106.0908203125,0.0
carryover_alpha_0.9,4,142,39.83453633967999,36.44008345547734,0.7477156125651804,0.3292217244572127,19106.0908203125,0.0
carryover_alpha_0.9,5,160,41.832826670738044,42.51807995526344,0.7135521282441915,0.39122958241887207,19106.0908203125,0.0
carryover_alpha_0.9,6,142,43.712204151737055,47.056137522823626,0.7686093885281031,0.31688724651819694,19106.0908203125,0.0
carryover_alpha_0.9,7,160,49.231712936510824,51.54761626900579,0.7458204843453131,0.4203367762972471,19106.0908203125,0.0
carryover_alpha_0.9,8,142,52.90066375846759,67.4489958109555,0.803183621543289,0.3432067041913794,19106.0908203125,0.0
carryover_alpha_0.9,9,100,53.88317698685451,56.50032754164831,0.7336931400559843,0.3851456830552777,19106.0908203125,0.0
carryover_alpha_0.9,10,130,55.12348756508799,75.17591637746568,0.7844792008471604,0.3366911185859563,19106.0908203125,0.0
carryover_alpha_0.9,11,72,53.53082157311118,57.12985047519837,0.7182938407640904,0.4138305076775306,19106.0908203125,0.0
carryover_alpha_0.9,12,115,54.125483069341165,60.4010000458065,0.8016495713316228,0.3761228527249152,19106.0908203125,0.0
carryover_alpha_0.9,13,46,44.8187200782428,43.21783780030444,0.7655938610677486,0.415029250305251,19106.0908203125,0.0
carryover_alpha_0.9,14,96,63.78766434824686,82.51981617095618,0.8078955987196726,0.4229785654100487,19106.0908203125,0.0
carryover_alpha_0.9,15,27,38.61084642120605,34.678800854480464,0.7865318079237584,0.5674535446743141,19106.0908203125,0.0
carryover_alpha_0.9,16,78,76.03948082392738,124.11910554007927,0.8045148697610085,0.4211458867870808,19106.0908203125,0.0
carryover_alpha_0.9,17,6,16.14335068836674,20.50204998539937,1.0252364203333855,0.9916311117042507,19106.0908203125,0.0
carryover_alpha_0.9,18,65,75.78595220860103,115.74827064962555,0.8033351005269931,0.4103400590739147,19106.0908203125,0.0
carryover_alpha_0.9,20,54,96.63632280751943,229.80893072656505,0.74290043051803,0.3556829974529857,19106.0908203125,0.0
carryover_alpha_0.9,22,41,100.86409529770638,188.48268146703393,0.7820844576217052,0.4359344392178234,19106.0908203125,0.0
carryover_alpha_0.9,24,30,126.81328484995365,319.6145299483062,0.7755084885284305,0.3205115786270107,19106.0908203125,0.0
carryover_alpha_0.9,26,22,153.07067919299004,280.0177932723962,0.7155805780044333,0.2988884549480231,19106.0908203125,0.0
carryover_alpha_0.9,28,16,249.48477400547412,424.0828181495932,0.7042050746968016,0.18974668670279857,19106.0908203125,0.0
carryover_alpha_0.9,30,6,591.2827115277656,923.4826276706573,0.6806972256551186,0.20806742087066069,19106.0908203125,0.0
carryover_alpha_0.5,1,160,34.217859179247135,40.84904671628677,0.6955958881240804,0.2962339396051487,19106.0908203125,0.0
carryover_alpha_0.5,2,142,33.42511554410276,26.96778656039739,0.7638718050930806,0.3085929013355119,19106.0908203125,0.0
carryover_alpha_0.5,3,160,30.336472528323288,25.62055335904326,0.7343261629808694,0.37908818812769224,19106.0908203125,0.0
carryover_alpha_0.5,4,142,31.66880121816001,28.350710956097714,0.7730271323505317,0.31918531481710816,19106.0908203125,0.0
carryover_alpha_0.5,5,160,32.6666952183965,33.36232034928245,0.7403629833133891,0.380818637730812,19106.0908203125,0.0
carryover_alpha_0.5,6,142,35.789862979951224,37.24584937056874,0.7974185450199309,0.33352463809672805,19106.0908203125,0.0
carryover_alpha_0.5,7,160,39.56715080984539,43.15249707876855,0.7656386921182274,0.43151767505228167,19106.0908203125,0.0
carryover_alpha_0.5,8,142,45.2649671834941,59.729850931859865,0.8242731627903249,0.3490430527243113,19106.0908203125,0.0
carryover_alpha_0.5,9,100,44.08557904647484,46.23646096220749,0.7447457379382104,0.38598074729501214,19106.0908203125,0.0
carryover_alpha_0.5,10,130,48.140650838017436,70.6056723397756,0.8127873450302734,0.34444274114095247,19106.0908203125,0.0
carryover_alpha_0.5,11,72,44.12327860366151,46.94242563268489,0.7409805159938211,0.38030478387343186,19106.0908203125,0.0
carryover_alpha_0.5,12,115,45.97439156465337,46.052296838259466,0.787604757098724,0.36790848444623964,19106.0908203125,0.0
carryover_alpha_0.5,13,46,40.126496777431804,42.16184315683213,0.7970460967525191,0.4330011098824573,19106.0908203125,0.0
carryover_alpha_0.5,14,96,52.48595238859855,56.62432725365621,0.8199087005632464,0.43829610920567164,19106.0908203125,0.0
carryover_alpha_0.5,15,27,34.5493306629496,33.560473666965805,0.8006993792261239,0.5750500952389427,19106.0908203125,0.0
carryover_alpha_0.5,16,78,58.423799607821415,63.13128709403113,0.8095145462176356,0.426047603239296,19106.0908203125,0.0
carryover_alpha_0.5,17,6,14.384872677864799,19.833744277889814,0.9180987315873305,0.886536783782219,19106.0908203125,0.0
carryover_alpha_0.5,18,65,61.6790988285171,73.57317257494897,0.8034111888362812,0.37251966313447493,19106.0908203125,0.0
carryover_alpha_0.5,20,54,76.53100180569092,136.53285671385316,0.7817332357754586,0.362006166262047,19106.0908203125,0.0
carryover_alpha_0.5,22,41,82.57718548516341,129.77003003094626,0.7823013067018332,0.473700452457977,19106.0908203125,0.0
carryover_alpha_0.5,24,30,105.14332614697011,222.39977610826378,0.8166008998019,0.3914980927357691,19106.0908203125,0.0
carryover_alpha_0.5,26,22,134.99082497825708,222.65506408979246,0.760404365772212,0.29174884702333803,19106.0908203125,0.0
carryover_alpha_0.5,28,16,224.6685166101778,351.4983894710212,0.7414284365368076,0.26896849833285014,19106.0908203125,0.0
carryover_alpha_0.5,30,6,535.2782154142586,811.1488136530288,0.6770573051956793,0.1949790405340891,19106.0908203125,0.0
carryover_alpha_0.1,1,160,36.155586253681335,41.6721947841765,0.5782884600223042,0.3265167471431693,19106.0908203125,0.0
carryover_alpha_0.1,2,142,33.22756483204058,27.29250908237276,0.6013052248277925,0.35327028677587,19106.0908203125,0.0
carryover_alpha_0.1,3,160,29.44498586628938,24.279246253531294,0.5992315321636852,0.3912943544369156,19106.0908203125,0.0
carryover_alpha_0.1,4,142,30.199200657809463,28.346057380940454,0.6150318262114806,0.32032821234729186,19106.0908203125,0.0
carryover_alpha_0.1,5,160,31.00545631343781,31.636011448030526,0.5865300890000071,0.37926245642107903,19106.0908203125,0.0
carryover_alpha_0.1,6,142,33.023053495140346,32.83636079159991,0.6346661899579873,0.3162572090079083,19106.0908203125,0.0
carryover_alpha_0.1,7,160,37.73702625963603,41.95099504154362,0.6241941260464955,0.4276620127570855,19106.0908203125,0.0
carryover_alpha_0.1,8,142,42.55639307910972,53.52962250296322,0.658488495295054,0.3329342273326269,19106.0908203125,0.0
carryover_alpha_0.1,9,100,42.789743656567246,46.69339101524111,0.5890884111914784,0.3764044917806425,19106.0908203125,0.0
carryover_alpha_0.1,10,130,46.74232331519626,72.05709176109177,0.6645791625245833,0.3391017152215477,19106.0908203125,0.0
carryover_alpha_0.1,11,72,43.36533714119514,48.46705840911387,0.6165448659254859,0.41203219724214946,19106.0908203125,0.0
carryover_alpha_0.1,12,115,44.394524609775154,44.964444344439244,0.6329312543263254,0.36465772804255314,19106.0908203125,0.0
carryover_alpha_0.1,13,46,39.425082366836875,42.69065328997557,0.6648947547756784,0.39295789402494935,19106.0908203125,0.0
carryover_alpha_0.1,14,96,50.025306845723605,52.33435361130379,0.6809370419359766,0.4125844365453808,19106.0908203125,0.0
carryover_alpha_0.1,15,27,34.12077664757733,34.27860522925438,0.7094789519906044,0.5654694615748861,19106.0908203125,0.0
carryover_alpha_0.1,16,78,53.6589468800414,51.04886584395652,0.6624147793373618,0.420086678007651,19106.0908203125,0.0
carryover_alpha_0.1,17,6,13.776536260281953,19.763027358229504,0.8744959047374626,0.9467094726845459,19106.0908203125,0.0
carryover_alpha_0.1,18,65,55.38463236040809,56.53771859460962,0.6459529737010599,0.373000315625697,19106.0908203125,0.0
carryover_alpha_0.1,20,54,64.99375255203981,83.51877904693274,0.6431883182204156,0.34519185388404494,19106.0908203125,0.0
carryover_alpha_0.1,22,41,70.73369066140708,92.02789414824312,0.6218134611390713,0.44589813921820054,19106.0908203125,0.0
carryover_alpha_0.1,24,30,87.78374914663499,145.65775862709603,0.6387472812707226,0.36915368316868213,19106.0908203125,0.0
carryover_alpha_0.1,26,22,119.44816597663758,164.07058914807152,0.5816663564182818,0.3194266953981661,19106.0908203125,0.0
carryover_alpha_0.1,28,16,203.32603394077336,280.6035788859723,0.5443692685803398,0.28933038382729265,19106.0908203125,0.0
carryover_alpha_0.1,30,6,472.1769636054102,665.7432365157733,0.375490375328809,0.18132093937039753,19106.0908203125,0.0
