label,session_id,boundary_ppl
baseline,1,36.942956250241515
baseline,2,7.331554008170247
baseline,3,356.0246606707791
baseline,4,27.886006392229614
baseline,5,24.9968545761854
baseline,6,46.70027251047952
baseline,7,19.46756991825522
baseline,8,67.9484955630781
baseline,9,123.03883041717654
baseline,10,4.587969263865388
baseline,11,15.888967492629165
baseline,12,21.717643615002626
baseline,13,30.151962130172098
baseline,14,38.71588573814723
baseline,15,11.624616945432633
baseline,16,48.94146538270724
baseline,17,74.62682298320091
baseline,18,27.028044172168716
baseline,19,20.085536923187668
baseline,20,18.00455893510183
baseline,21,11.26696508157019
baseline,22,21.380942759123343
baseline,23,32.60204446315635
baseline,24,23.852165264858517
baseline,25,24.609314266596865
baseline,26,43.87084603329354
baseline,27,17.45061689198871
baseline,28,35.25121511458854
baseline,29,53.75168417471723
baseline,30,23.852165264858517
baseline,31,14.021964597512564
baseline,32,18.576084986220376
baseline,33,17.180070153709277
baseline,34,24.609314266596865
baseline,35,15.400115355370453
baseline,36,13.804574186067095
baseline,37,15.16135869683449
baseline,38,39.32557222442699
baseline,39,24.609314266596865
baseline,40,20.401838105461145
baseline,41,7.623609917712736
baseline,42,53.75168417471723
baseline,43,35.25121511458854
baseline,44,27.886006392229614
baseline,45,28.325147094540903
baseline,46,14.926303617194517
baseline,47,15.888967492629165
baseline,48,115.58428452718766
baseline,49,27.4536739354601
baseline,50,29.22428378123494
baseline,51,17.725424121461643
baseline,52,24.22778221261098
baseline,53,36.942956250241515
baseline,54,4.999685447724227
baseline,55,168.17414165184545
baseline,56,8.372897488127265
baseline,57,16.39333746248769
baseline,58,4.587969263865388
baseline,59,36.37020880080945
baseline,60,36.942956250241515
baseline,61,22.059646737841184
baseline,62,7.9894745966477085
baseline,63,23.852165264858517
baseline,64,34.16664924473404
baseline,65,47.435694792893365
baseline,66,21.717643615002626
baseline,67,61.867809250367884
baseline,68,102.00277308269969
baseline,69,32.09659661306934
baseline,70,74.62682298320091
baseline,71,23.852165264858517
baseline,72,24.609314266596865
baseline,73,76.99573263552006
baseline,74,30.151962130172098
baseline,75,53.75168417471723
baseline,76,16.39333746248769
baseline,77,43.87084603329354
baseline,78,115.58428452718766
baseline,79,65.8579401324037
baseline,80,24.22778221261098
baseline,81,6.67545588945633
baseline,82,38.71588573814723
baseline,83,18.576084986220376
baseline,84,13.59055410055989
baseline,85,35.806340977539655
baseline,86,26.609013186724894
baseline,87,42.52108200006278
baseline,88,10.920317008742302
baseline,89,48.182698291098816
baseline,90,7.161718742493711
baseline,91,34.16664924473404
baseline,92,31.598985005566618
baseline,93,51.290215346585704
baseline,94,20.401838105461145
baseline,95,4.3099982582618726
baseline,96,8.243087744472826
baseline,97,23.852165264858517
baseline,98,28.325147094540903
baseline,99,16.91371785382974
baseline,100,18.28808948244362
baseline,101,23.852165264858517
baseline,102,23.482371718117374
baseline,103,16.91371785382974
baseline,104,34.16664924473404
baseline,105,95.82273747708687
baseline,106,24.609314266596865
baseline,107,79.43983955226133
baseline,108,34.16664924473404
baseline,109,1.5670874200815372
baseline,110,11.993621898152476
baseline,111,30.151962130172098
baseline,112,53.75168417471723
baseline,113,28.325147094540903
baseline,114,15.16135869683449
baseline,115,32.60204446315635
baseline,116,17.45061689198871
baseline,117,24.22778221261098
baseline,118,34.16664924473404
baseline,119,32.09659661306934
baseline,120,30.151962130172098
baseline,121,23.118311288923124
baseline,122,21.380942759123343
baseline,123,24.22778221261098
baseline,124,2.6449608137946337
baseline,125,56.33128135834348
baseline,126,21.049461966173517
baseline,127,10.751013186076355
baseline,128,12.374340325455691
baseline,129,23.482371718117374
baseline,130,11.26696508157019
baseline,131,18.00455893510183
baseline,132,32.09659661306934
baseline,133,19.774139536218833
baseline,134,70.10541234668786
baseline,135,28.771203256660744
baseline,136,92.87458178129451
baseline,137,79.43983955226133
baseline,138,15.642631884188171
baseline,139,5.534147309488141
baseline,140,15.16135869683449
baseline,141,12.569207830853442
baseline,142,23.482371718117374
baseline,143,15.888967492629165
baseline,144,50.49503426195374
baseline,145,38.71588573814723
baseline,146,102.00277308269969
baseline,147,81.9615307508321
baseline,148,54.598150033144236
baseline,149,14.926303617194517
baseline,150,4.516839393365801
baseline,151,40.57389988868238
baseline,152,26.196478674560588
baseline,153,24.9968545761854
baseline,154,29.22428378123494
baseline,155,16.91371785382974
baseline,156,14.926303617194517
baseline,157,7.38905609893065
baseline,158,39.32557222442699
baseline,159,23.118311288923124
baseline,160,30.151962130172098
baseline,161,2.1419545429036044
baseline,162,98.86447768050158
baseline,163,123.03883041717654
baseline,164,19.165753221675935
baseline,165,10.258688448076699
baseline,166,65.8579401324037
baseline,167,32.60204446315635
baseline,168,20.401838105461145
baseline,169,44.5617113320772
baseline,170,45.97625189374871
baseline,171,28.771203256660744
baseline,172,4.733607041801626
baseline,173,9.340642126143496
baseline,174,3.5731140554059015
baseline,175,54.598150033144236
baseline,176,49.71218131735948
baseline,177,123.03883041717654
baseline,178,19.46756991825522
baseline,179,21.380942759123343
baseline,180,45.97625189374871
baseline,181,21.717643615002626
baseline,182,1.4408516681878671
baseline,183,23.852165264858517
baseline,184,13.379852088930456
baseline,185,14.467069533669397
baseline,186,24.609314266596865
baseline,187,29.684499285876434
baseline,188,27.028044172168716
baseline,189,6.571962538556527
baseline,190,51.290215346585704
baseline,191,24.22778221261098
baseline,192,35.25121511458854
baseline,193,20.401838105461145
baseline,194,72.33079701870139
baseline,195,14.467069533669397
baseline,196,30.62678644311483
baseline,197,14.926303617194517
baseline,198,20.401838105461145
baseline,199,14.694892728788941
baseline,200,10.099642225480054
baseline,201,7.743664305075443
baseline,202,5.799736584178129
baseline,203,19.774139536218833
baseline,204,27.886006392229614
baseline,205,22.75989509352673
baseline,206,19.774139536218833
baseline,207,43.87084603329354
baseline,208,15.400115355370453
baseline,209,18.868615759264884
baseline,210,14.926303617194517
baseline,211,21.049461966173517
baseline,212,50.49503426195374
baseline,213,33.11545195869231
baseline,214,23.852165264858517
baseline,215,20.723120306578686
baseline,216,9.637145935456955
baseline,217,20.085536923187668
baseline,218,10.42023928423861
baseline,219,36.942956250241515
baseline,220,24.609314266596865
baseline,221,35.806340977539655
baseline,222,15.642631884188171
baseline,223,19.46756991825522
baseline,224,29.684499285876434
baseline,225,19.46756991825522
baseline,226,18.576084986220376
baseline,227,28.325147094540903
baseline,228,15.642631884188171
baseline,229,28.325147094540903
baseline,230,22.059646737841184
baseline,231,8.115290514356445
baseline,232,26.196478674560588
baseline,233,14.021964597512564
baseline,234,34.16664924473404
baseline,235,54.598150033144236
baseline,236,56.33128135834348
baseline,237,14.926303617194517
baseline,238,17.725424121461643
baseline,239,5.322137455434696
baseline,240,190.56626845863
baseline,241,45.97625189374871
baseline,242,98.86447768050158
baseline,243,46.70027251047952
baseline,244,40.57389988868238
baseline,245,28.771203256660744
baseline,246,27.886006392229614
baseline,247,43.19069160819034
baseline,248,40.57389988868238
baseline,249,32.09659661306934
baseline,250,29.22428378123494
baseline,251,12.182493960703473
baseline,252,23.118311288923124
baseline,253,40.57389988868238
baseline,254,48.94146538270724
baseline,255,14.467069533669397
baseline,256,14.021964597512564
baseline,257,22.059646737841184
baseline,258,9.487735836358526
baseline,259,190.56626845863
baseline,260,5.280720253169033
baseline,261,18.00455893510183
baseline,262,98.86447768050158
baseline,263,2.9391634498681936
baseline,264,15.642631884188171
baseline,265,34.16664924473404
baseline,266,31.10908815096766
baseline,267,36.37020880080945
baseline,268,27.886006392229614
baseline,269,18.868615759264884
baseline,270,16.139182322446413
baseline,271,108.5813867407896
baseline,272,48.94146538270724
baseline,273,22.75989509352673
baseline,274,24.609314266596865
baseline,275,6.780579023486763
baseline,276,17.45061689198871
baseline,277,15.642631884188171
baseline,278,19.46756991825522
baseline,279,18.576084986220376
baseline,280,35.806340977539655
baseline,281,51.290215346585704
baseline,282,16.91371785382974
baseline,283,45.263456176258764
baseline,284,37.524723159601
baseline,285,53.75168417471723
baseline,286,102.00277308269969
baseline,287,12.374340325455691
baseline,288,65.8579401324037
baseline,289,25.39049775763493
baseline,290,30.62678644311483
baseline,291,29.684499285876434
baseline,292,43.87084603329354
baseline,293,7.743664305075443
baseline,294,20.401838105461145
baseline,295,28.325147094540903
baseline,296,24.9968545761854
baseline,297,79.43983955226133
baseline,298,2.389522965508657
baseline,299,22.75989509352673
baseline,300,65.8579401324037
baseline,301,26.609013186724894
baseline,302,4.412206921513906
carryover_beta_0.0,1,48.94146538270724
carryover_beta_0.0,2,9.487735836358526
carryover_beta_0.0,3,502.07524555352444
carryover_beta_0.0,4,49.71218131735948
carryover_beta_0.0,5,37.524723159601
carryover_beta_0.0,6,63.83170433047907
carryover_beta_0.0,7,31.598985005566618
carryover_beta_0.0,8,84.563269020706
carryover_beta_0.0,9,153.12429849019884
carryover_beta_0.0,10,9.943061786014486
carryover_beta_0.0,11,16.651494963610144
carryover_beta_0.0,12,46.70027251047952
carryover_beta_0.0,13,95.82273747708687
carryover_beta_0.0,14,79.43983955226133
carryover_beta_0.0,15,30.62678644311483
carryover_beta_0.0,16,56.33128135834348
carryover_beta_0.0,17,126.94450214932196
carryover_beta_0.0,18,41.2128458403547
carryover_beta_0.0,19,28.771203256660744
carryover_beta_0.0,20,29.22428378123494
carryover_beta_0.0,21,12.968197316969134
carryover_beta_0.0,22,31.10908815096766
carryover_beta_0.0,23,41.2128458403547
carryover_beta_0.0,24,21.380942759123343
carryover_beta_0.0,25,32.09659661306934
carryover_beta_0.0,26,61.867809250367884
carryover_beta_0.0,27,23.118311288923124
carryover_beta_0.0,28,67.9484955630781
carryover_beta_0.0,29,102.00277308269969
carryover_beta_0.0,30,45.97625189374871
carryover_beta_0.0,31,21.380942759123343
carryover_beta_0.0,32,27.886006392229614
carryover_beta_0.0,33,19.774139536218833
carryover_beta_0.0,34,38.71588573814723
carryover_beta_0.0,35,21.717643615002626
carryover_beta_0.0,36,22.75989509352673
carryover_beta_0.0,37,27.4536739354601
carryover_beta_0.0,38,72.33079701870139
carryover_beta_0.0,39,32.09659661306934
carryover_beta_0.0,40,30.151962130172098
carryover_beta_0.0,41,11.092286978670202
carryover_beta_0.0,42,63.83170433047907
carryover_beta_0.0,43,70.10541234668786
carryover_beta_0.0,44,43.19069160819034
carryover_beta_0.0,45,43.87084603329354
carryover_beta_0.0,46,21.049461966173517
carryover_beta_0.0,47,22.75989509352673
carryover_beta_0.0,48,518.012824668342
carryover_beta_0.0,49,39.94485987582193
carryover_beta_0.0,50,52.9183415530491
carryover_beta_0.0,51,28.771203256660744
carryover_beta_0.0,52,40.57389988868238
carryover_beta_0.0,53,52.097918711212095
carryover_beta_0.0,54,5.491080233448797
carryover_beta_0.0,55,286.07385163895896
carryover_beta_0.0,56,15.642631884188171
carryover_beta_0.0,57,17.45061689198871
carryover_beta_0.0,58,5.66538583090943
carryover_beta_0.0,59,58.119428177447986
carryover_beta_0.0,60,54.598150033144236
carryover_beta_0.0,61,36.37020880080945
carryover_beta_0.0,62,12.968197316969134
carryover_beta_0.0,63,32.09659661306934
carryover_beta_0.0,64,48.182698291098816
carryover_beta_0.0,65,61.867809250367884
carryover_beta_0.0,66,34.16664924473404
carryover_beta_0.0,67,74.62682298320091
carryover_beta_0.0,68,148.4131591025766
carryover_beta_0.0,69,51.290215346585704
carryover_beta_0.0,70,95.82273747708687
carryover_beta_0.0,71,35.25121511458854
carryover_beta_0.0,72,70.10541234668786
carryover_beta_0.0,73,196.6154911738957
carryover_beta_0.0,74,54.598150033144236
carryover_beta_0.0,75,87.24759532868651
carryover_beta_0.0,76,33.11545195869231
carryover_beta_0.0,77,157.98498549518746
carryover_beta_0.0,78,268.7415131590023
carryover_beta_0.0,79,162.99996726850102
carryover_beta_0.0,80,72.33079701870139
carryover_beta_0.0,81,15.888967492629165
carryover_beta_0.0,82,67.9484955630781
carryover_beta_0.0,83,29.22428378123494
carryover_beta_0.0,84,17.45061689198871
carryover_beta_0.0,85,43.87084603329354
carryover_beta_0.0,86,43.19069160819034
carryover_beta_0.0,87,63.83170433047907
carryover_beta_0.0,88,16.139182322446413
carryover_beta_0.0,89,43.87084603329354
carryover_beta_0.0,90,10.584334175890335
carryover_beta_0.0,91,59.964336869699544
carryover_beta_0.0,92,46.70027251047952
carryover_beta_0.0,93,65.8579401324037
carryover_beta_0.0,94,42.52108200006278
carryover_beta_0.0,95,7.623609917712736
carryover_beta_0.0,96,10.258688448076699
carryover_beta_0.0,97,41.2128458403547
carryover_beta_0.0,98,41.861853726676614
carryover_beta_0.0,99,31.598985005566618
carryover_beta_0.0,100,27.028044172168716
carryover_beta_0.0,101,52.097918711212095
carryover_beta_0.0,102,36.942956250241515
carryover_beta_0.0,103,41.2128458403547
carryover_beta_0.0,104,45.97625189374871
carryover_beta_0.0,105,119.2533235714264
carryover_beta_0.0,106,39.32557222442699
carryover_beta_0.0,107,115.58428452718766
carryover_beta_0.0,108,38.115651564714454
carryover_beta_0.0,109,2.848734897170399
carryover_beta_0.0,110,15.16135869683449
carryover_beta_0.0,111,33.63694444585419
carryover_beta_0.0,112,70.10541234668786
carryover_beta_0.0,113,43.19069160819034
carryover_beta_0.0,114,19.774139536218833
carryover_beta_0.0,115,43.87084603329354
carryover_beta_0.0,116,27.028044172168716
carryover_beta_0.0,117,31.598985005566618
carryover_beta_0.0,118,74.62682298320091
carryover_beta_0.0,119,39.32557222442699
carryover_beta_0.0,120,58.119428177447986
carryover_beta_0.0,121,28.325147094540903
carryover_beta_0.0,122,54.598150033144236
carryover_beta_0.0,123,34.16664924473404
carryover_beta_0.0,124,3.2029187389124782
carryover_beta_0.0,125,59.964336869699544
carryover_beta_0.0,126,27.886006392229614
carryover_beta_0.0,127,16.39333746248769
carryover_beta_0.0,128,16.91371785382974
carryover_beta_0.0,129,47.435694792893365
carryover_beta_0.0,130,13.804574186067095
carryover_beta_0.0,131,21.717643615002626
carryover_beta_0.0,132,41.861853726676614
carryover_beta_0.0,133,25.790339917193062
carryover_beta_0.0,134,105.24068867470233
carryover_beta_0.0,135,48.182698291098816
carryover_beta_0.0,136,112.02812994692015
carryover_beta_0.0,137,72.33079701870139
carryover_beta_0.0,138,21.380942759123343
carryover_beta_0.0,139,6.780579023486763
carryover_beta_0.0,140,18.868615759264884
carryover_beta_0.0,141,18.00455893510183
carryover_beta_0.0,142,37.524723159601
carryover_beta_0.0,143,28.325147094540903
carryover_beta_0.0,144,79.43983955226133
carryover_beta_0.0,145,52.097918711212095
carryover_beta_0.0,146,123.03883041717654
carryover_beta_0.0,147,95.82273747708687
carryover_beta_0.0,148,87.24759532868651
carryover_beta_0.0,149,27.886006392229614
carryover_beta_0.0,150,6.727812138894691
carryover_beta_0.0,151,54.598150033144236
carryover_beta_0.0,152,36.37020880080945
carryover_beta_0.0,153,40.57389988868238
carryover_beta_0.0,154,48.182698291098816
carryover_beta_0.0,155,24.22778221261098
carryover_beta_0.0,156,25.790339917193062
carryover_beta_0.0,157,9.053260780008058
carryover_beta_0.0,158,59.964336869699544
carryover_beta_0.0,159,39.32557222442699
carryover_beta_0.0,160,48.182698291098816
carryover_beta_0.0,161,2.8710778018843075
carryover_beta_0.0,162,119.2533235714264
carryover_beta_0.0,163,148.4131591025766
carryover_beta_0.0,164,31.10908815096766
carryover_beta_0.0,165,16.39333746248769
carryover_beta_0.0,166,98.86447768050158
carryover_beta_0.0,167,44.5617113320772
carryover_beta_0.0,168,33.11545195869231
carryover_beta_0.0,169,72.33079701870139
carryover_beta_0.0,170,56.33128135834348
carryover_beta_0.0,171,44.5617113320772
carryover_beta_0.0,172,9.340642126143496
carryover_beta_0.0,173,15.642631884188171
carryover_beta_0.0,174,3.4903429574618414
carryover_beta_0.0,175,79.43983955226133
carryover_beta_0.0,176,81.9615307508321
carryover_beta_0.0,177,143.8469662358426
carryover_beta_0.0,178,33.11545195869231
carryover_beta_0.0,179,50.49503426195374
carryover_beta_0.0,180,56.33128135834348
carryover_beta_0.0,181,30.151962130172098
carryover_beta_0.0,182,1.6326988389058377
carryover_beta_0.0,183,40.57389988868238
carryover_beta_0.0,184,13.172416709211404
carryover_beta_0.0,185,21.717643615002626
carryover_beta_0.0,186,27.886006392229614
carryover_beta_0.0,187,37.524723159601
carryover_beta_0.0,188,42.52108200006278
carryover_beta_0.0,189,9.340642126143496
carryover_beta_0.0,190,67.9484955630781
carryover_beta_0.0,191,36.37020880080945
carryover_beta_0.0,192,43.87084603329354
carryover_beta_0.0,193,25.790339917193062
carryover_beta_0.0,194,130.9741532108186
carryover_beta_0.0,195,22.40703562619394
carryover_beta_0.0,196,56.33128135834348
carryover_beta_0.0,197,23.482371718117374
carryover_beta_0.0,198,30.62678644311483
carryover_beta_0.0,199,21.717643615002626
carryover_beta_0.0,200,14.242778409807016
carryover_beta_0.0,201,9.487735836358526
carryover_beta_0.0,202,7.743664305075443
carryover_beta_0.0,203,26.196478674560588
carryover_beta_0.0,204,48.182698291098816
carryover_beta_0.0,205,35.806340977539655
carryover_beta_0.0,206,22.059646737841184
carryover_beta_0.0,207,61.867809250367884
carryover_beta_0.0,208,26.609013186724894
carryover_beta_0.0,209,24.609314266596865
carryover_beta_0.0,210,19.165753221675935
carryover_beta_0.0,211,24.22778221261098
carryover_beta_0.0,212,54.598150033144236
carryover_beta_0.0,213,61.867809250367884
carryover_beta_0.0,214,27.886006392229614
carryover_beta_0.0,215,31.598985005566618
carryover_beta_0.0,216,14.242778409807016
carryover_beta_0.0,217,28.771203256660744
carryover_beta_0.0,218,14.694892728788941
carryover_beta_0.0,219,42.52108200006278
carryover_beta_0.0,220,34.70469568042362
carryover_beta_0.0,221,48.94146538270724
carryover_beta_0.0,222,28.325147094540903
carryover_beta_0.0,223,32.60204446315635
carryover_beta_0.0,224,36.942956250241515
carryover_beta_0.0,225,31.10908815096766
carryover_beta_0.0,226,22.059646737841184
carryover_beta_0.0,227,39.94485987582193
carryover_beta_0.0,228,24.22778221261098
carryover_beta_0.0,229,41.2128458403547
carryover_beta_0.0,230,49.71218131735948
carryover_beta_0.0,231,15.16135869683449
carryover_beta_0.0,232,44.5617113320772
carryover_beta_0.0,233,43.19069160819034
carryover_beta_0.0,234,52.097918711212095
carryover_beta_0.0,235,102.00277308269969
carryover_beta_0.0,236,90.01713130052181
carryover_beta_0.0,237,22.40703562619394
carryover_beta_0.0,238,27.028044172168716
carryover_beta_0.0,239,6.470073703341919
carryover_beta_0.0,240,268.7415131590023
carryover_beta_0.0,241,54.598150033144236
carryover_beta_0.0,242,79.43983955226133
carryover_beta_0.0,243,61.867809250367884
carryover_beta_0.0,244,79.43983955226133
carryover_beta_0.0,245,33.63694444585419
carryover_beta_0.0,246,48.182698291098816
carryover_beta_0.0,247,70.10541234668786
carryover_beta_0.0,248,53.75168417471723
carryover_beta_0.0,249,39.94485987582193
carryover_beta_0.0,250,32.60204446315635
carryover_beta_0.0,251,13.172416709211404
carryover_beta_0.0,252,31.10908815096766
carryover_beta_0.0,253,54.598150033144236
carryover_beta_0.0,254,92.87458178129451
carryover_beta_0.0,255,22.75989509352673
carryover_beta_0.0,256,21.717643615002626
carryover_beta_0.0,257,43.87084603329354
carryover_beta_0.0,258,14.021964597512564
carryover_beta_0.0,259,222.79453967267415
carryover_beta_0.0,260,14.242778409807016
carryover_beta_0.0,261,26.196478674560588
carryover_beta_0.0,262,126.94450214932196
carryover_beta_0.0,263,3.893758941798335
carryover_beta_0.0,264,19.46756991825522
carryover_beta_0.0,265,41.2128458403547
carryover_beta_0.0,266,45.97625189374871
carryover_beta_0.0,267,65.8579401324037
carryover_beta_0.0,268,84.563269020706
carryover_beta_0.0,269,25.39049775763493
carryover_beta_0.0,270,24.9968545761854
carryover_beta_0.0,271,119.2533235714264
carryover_beta_0.0,272,148.4131591025766
carryover_beta_0.0,273,39.94485987582193
carryover_beta_0.0,274,33.63694444585419
carryover_beta_0.0,275,10.258688448076699
carryover_beta_0.0,276,21.380942759123343
carryover_beta_0.0,277,23.852165264858517
carryover_beta_0.0,278,27.4536739354601
carryover_beta_0.0,279,26.196478674560588
carryover_beta_0.0,280,52.097918711212095
carryover_beta_0.0,281,58.119428177447986
carryover_beta_0.0,282,33.63694444585419
carryover_beta_0.0,283,90.01713130052181
carryover_beta_0.0,284,65.8579401324037
carryover_beta_0.0,285,90.01713130052181
carryover_beta_0.0,286,119.2533235714264
carryover_beta_0.0,287,22.40703562619394
carryover_beta_0.0,288,76.99573263552006
carryover_beta_0.0,289,34.16664924473404
carryover_beta_0.0,290,40.57389988868238
carryover_beta_0.0,291,32.09659661306934
carryover_beta_0.0,292,45.97625189374871
carryover_beta_0.0,293,11.444393964331121
carryover_beta_0.0,294,27.4536739354601
carryover_beta_0.0,295,58.119428177447986
carryover_beta_0.0,296,29.22428378123494
carryover_beta_0.0,297,115.58428452718766
carryover_beta_0.0,298,4.1448848179061955
carryover_beta_0.0,299,28.325147094540903
carryover_beta_0.0,300,84.563269020706
carryover_beta_0.0,301,36.37020880080945
carryover_beta_0.0,302,5.57755216479126
carryover_beta_0.3,1,48.94146538270724
carryover_beta_0.3,2,8.774721228365038
carryover_beta_0.3,3,471.65604418826433
carryover_beta_0.3,4,41.861853726676614
carryover_beta_0.3,5,36.37020880080945
carryover_beta_0.3,6,61.867809250367884
carryover_beta_0.3,7,30.62678644311483
carryover_beta_0.3,8,84.563269020706
carryover_beta_0.3,9,135.13171912803952
carryover_beta_0.3,10,8.504751437796486
carryover_beta_0.3,11,16.39333746248769
carryover_beta_0.3,12,44.5617113320772
carryover_beta_0.3,13,81.9615307508321
carryover_beta_0.3,14,67.9484955630781
carryover_beta_0.3,15,32.09659661306934
carryover_beta_0.3,16,58.119428177447986
carryover_beta_0.3,17,112.02812994692015
carryover_beta_0.3,18,39.94485987582193
carryover_beta_0.3,19,28.771203256660744
carryover_beta_0.3,20,27.028044172168716
carryover_beta_0.3,21,12.968197316969134
carryover_beta_0.3,22,31.10908815096766
carryover_beta_0.3,23,38.71588573814723
carryover_beta_0.3,24,20.401838105461145
carryover_beta_0.3,25,31.598985005566618
carryover_beta_0.3,26,58.119428177447986
carryover_beta_0.3,27,22.40703562619394
carryover_beta_0.3,28,63.83170433047907
carryover_beta_0.3,29,90.01713130052181
carryover_beta_0.3,30,48.182698291098816
carryover_beta_0.3,31,20.401838105461145
carryover_beta_0.3,32,27.886006392229614
carryover_beta_0.3,33,19.165753221675935
carryover_beta_0.3,34,38.115651564714454
carryover_beta_0.3,35,19.774139536218833
carryover_beta_0.3,36,21.380942759123343
carryover_beta_0.3,37,26.196478674560588
carryover_beta_0.3,38,67.9484955630781
carryover_beta_0.3,39,32.60204446315635
carryover_beta_0.3,40,27.886006392229614
carryover_beta_0.3,41,10.584334175890335
carryover_beta_0.3,42,61.867809250367884
carryover_beta_0.3,43,67.9484955630781
carryover_beta_0.3,44,40.57389988868238
carryover_beta_0.3,45,41.861853726676614
carryover_beta_0.3,46,20.723120306578686
carryover_beta_0.3,47,22.75989509352673
carryover_beta_0.3,48,416.23499808144635
carryover_beta_0.3,49,37.524723159601
carryover_beta_0.3,50,48.94146538270724
carryover_beta_0.3,51,27.028044172168716
carryover_beta_0.3,52,40.57389988868238
carryover_beta_0.3,53,47.435694792893365
carryover_beta_0.3,54,5.491080233448797
carryover_beta_0.3,55,277.272284523134
carryover_beta_0.3,56,12.968197316969134
carryover_beta_0.3,57,17.45061689198871
carryover_beta_0.3,58,5.405948925141167
carryover_beta_0.3,59,47.435694792893365
carryover_beta_0.3,60,52.097918711212095
carryover_beta_0.3,61,35.25121511458854
carryover_beta_0.3,62,12.374340325455691
carryover_beta_0.3,63,31.598985005566618
carryover_beta_0.3,64,45.97625189374871
carryover_beta_0.3,65,63.83170433047907
carryover_beta_0.3,66,31.10908815096766
carryover_beta_0.3,67,67.9484955630781
carryover_beta_0.3,68,139.42126035437516
carryover_beta_0.3,69,41.861853726676614
carryover_beta_0.3,70,95.82273747708687
carryover_beta_0.3,71,34.16664924473404
carryover_beta_0.3,72,65.8579401324037
carryover_beta_0.3,73,179.02044192165667
carryover_beta_0.3,74,54.598150033144236
carryover_beta_0.3,75,81.9615307508321
carryover_beta_0.3,76,29.684499285876434
carryover_beta_0.3,77,135.13171912803952
carryover_beta_0.3,78,252.45928798182638
carryover_beta_0.3,79,153.12429849019884
carryover_beta_0.3,80,59.964336869699544
carryover_beta_0.3,81,14.467069533669397
carryover_beta_0.3,82,67.9484955630781
carryover_beta_0.3,83,27.028044172168716
carryover_beta_0.3,84,17.180070153709277
carryover_beta_0.3,85,43.87084603329354
carryover_beta_0.3,86,38.71588573814723
carryover_beta_0.3,87,59.964336869699544
carryover_beta_0.3,88,15.642631884188171
carryover_beta_0.3,89,42.52108200006278
carryover_beta_0.3,90,10.258688448076699
carryover_beta_0.3,91,63.83170433047907
carryover_beta_0.3,92,40.57389988868238
carryover_beta_0.3,93,67.9484955630781
carryover_beta_0.3,94,37.524723159601
carryover_beta_0.3,95,6.470073703341919
carryover_beta_0.3,96,9.487735836358526
carryover_beta_0.3,97,39.32557222442699
carryover_beta_0.3,98,40.57389988868238
carryover_beta_0.3,99,29.22428378123494
carryover_beta_0.3,100,27.028044172168716
carryover_beta_0.3,101,48.94146538270724
carryover_beta_0.3,102,32.09659661306934
carryover_beta_0.3,103,41.2128458403547
carryover_beta_0.3,104,41.861853726676614
carryover_beta_0.3,105,119.2533235714264
carryover_beta_0.3,106,36.942956250241515
carryover_beta_0.3,107,108.5813867407896
carryover_beta_0.3,108,38.115651564714454
carryover_beta_0.3,109,2.6971279914439186
carryover_beta_0.3,110,14.926303617194517
carryover_beta_0.3,111,32.60204446315635
carryover_beta_0.3,112,67.9484955630781
carryover_beta_0.3,113,38.115651564714454
carryover_beta_0.3,114,19.46756991825522
carryover_beta_0.3,115,45.263456176258764
carryover_beta_0.3,116,22.75989509352673
carryover_beta_0.3,117,30.151962130172098
carryover_beta_0.3,118,59.964336869699544
carryover_beta_0.3,119,37.524723159601
carryover_beta_0.3,120,46.70027251047952
carryover_beta_0.3,121,28.325147094540903
carryover_beta_0.3,122,51.290215346585704
carryover_beta_0.3,123,34.16664924473404
carryover_beta_0.3,124,2.8265658663204203
carryover_beta_0.3,125,58.119428177447986
carryover_beta_0.3,126,24.9968545761854
carryover_beta_0.3,127,14.926303617194517
carryover_beta_0.3,128,15.642631884188171
carryover_beta_0.3,129,51.290215346585704
carryover_beta_0.3,130,13.59055410055989
carryover_beta_0.3,131,21.049461966173517
carryover_beta_0.3,132,41.2128458403547
carryover_beta_0.3,133,24.9968545761854
carryover_beta_0.3,134,95.82273747708687
carryover_beta_0.3,135,47.435694792893365
carryover_beta_0.3,136,115.58428452718766
carryover_beta_0.3,137,72.33079701870139
carryover_beta_0.3,138,21.380942759123343
carryover_beta_0.3,139,5.534147309488141
carryover_beta_0.3,140,19.165753221675935
carryover_beta_0.3,141,18.28808948244362
carryover_beta_0.3,142,33.63694444585419
carryover_beta_0.3,143,24.9968545761854
carryover_beta_0.3,144,76.99573263552006
carryover_beta_0.3,145,46.70027251047952
carryover_beta_0.3,146,123.03883041717654
carryover_beta_0.3,147,92.87458178129451
carryover_beta_0.3,148,74.62682298320091
carryover_beta_0.3,149,25.790339917193062
carryover_beta_0.3,150,5.709820002693286
carryover_beta_0.3,151,52.9183415530491
carryover_beta_0.3,152,34.70469568042362
carryover_beta_0.3,153,39.94485987582193
carryover_beta_0.3,154,41.861853726676614
carryover_beta_0.3,155,23.482371718117374
carryover_beta_0.3,156,24.609314266596865
carryover_beta_0.3,157,9.053260780008058
carryover_beta_0.3,158,59.964336869699544
carryover_beta_0.3,159,34.70469568042362
carryover_beta_0.3,160,45.97625189374871
carryover_beta_0.3,161,2.8265658663204203
carryover_beta_0.3,162,123.03883041717654
carryover_beta_0.3,163,115.58428452718766
carryover_beta_0.3,164,29.684499285876434
carryover_beta_0.3,165,14.467069533669397
carryover_beta_0.3,166,92.87458178129451
carryover_beta_0.3,167,43.87084603329354
carryover_beta_0.3,168,32.09659661306934
carryover_beta_0.3,169,67.9484955630781
carryover_beta_0.3,170,54.598150033144236
carryover_beta_0.3,171,43.19069160819034
carryover_beta_0.3,172,7.38905609893065
carryover_beta_0.3,173,14.021964597512564
carryover_beta_0.3,174,3.128723206238592
carryover_beta_0.3,175,81.9615307508321
carryover_beta_0.3,176,72.33079701870139
carryover_beta_0.3,177,130.9741532108186
carryover_beta_0.3,178,31.10908815096766
carryover_beta_0.3,179,46.70027251047952
carryover_beta_0.3,180,56.33128135834348
carryover_beta_0.3,181,28.771203256660744
carryover_beta_0.3,182,1.674684852811784
carryover_beta_0.3,183,37.524723159601
carryover_beta_0.3,184,11.993621898152476
carryover_beta_0.3,185,21.380942759123343
carryover_beta_0.3,186,27.886006392229614
carryover_beta_0.3,187,36.37020880080945
carryover_beta_0.3,188,41.861853726676614
carryover_beta_0.3,189,9.053260780008058
carryover_beta_0.3,190,67.9484955630781
carryover_beta_0.3,191,34.16664924473404
carryover_beta_0.3,192,43.87084603329354
carryover_beta_0.3,193,26.196478674560588
carryover_beta_0.3,194,115.58428452718766
carryover_beta_0.3,195,21.049461966173517
carryover_beta_0.3,196,54.598150033144236
carryover_beta_0.3,197,23.852165264858517
carryover_beta_0.3,198,30.62678644311483
carryover_beta_0.3,199,21.049461966173517
carryover_beta_0.3,200,13.172416709211404
carryover_beta_0.3,201,9.637145935456955
carryover_beta_0.3,202,7.865609273944892
carryover_beta_0.3,203,25.39049775763493
carryover_beta_0.3,204,46.70027251047952
carryover_beta_0.3,205,34.70469568042362
carryover_beta_0.3,206,22.059646737841184
carryover_beta_0.3,207,61.867809250367884
carryover_beta_0.3,208,23.852165264858517
carryover_beta_0.3,209,24.22778221261098
carryover_beta_0.3,210,18.00455893510183
carryover_beta_0.3,211,24.609314266596865
carryover_beta_0.3,212,54.598150033144236
carryover_beta_0.3,213,54.598150033144236
carryover_beta_0.3,214,27.886006392229614
carryover_beta_0.3,215,30.151962130172098
carryover_beta_0.3,216,14.021964597512564
carryover_beta_0.3,217,28.771203256660744
carryover_beta_0.3,218,13.379852088930456
carryover_beta_0.3,219,43.19069160819034
carryover_beta_0.3,220,31.598985005566618
carryover_beta_0.3,221,47.435694792893365
carryover_beta_0.3,222,25.790339917193062
carryover_beta_0.3,223,32.09659661306934
carryover_beta_0.3,224,36.942956250241515
carryover_beta_0.3,225,29.22428378123494
carryover_beta_0.3,226,21.717643615002626
carryover_beta_0.3,227,38.71588573814723
carryover_beta_0.3,228,22.40703562619394
carryover_beta_0.3,229,39.94485987582193
carryover_beta_0.3,230,46.70027251047952
carryover_beta_0.3,231,14.021964597512564
carryover_beta_0.3,232,43.87084603329354
carryover_beta_0.3,233,33.11545195869231
carryover_beta_0.3,234,51.290215346585704
carryover_beta_0.3,235,90.01713130052181
carryover_beta_0.3,236,76.99573263552006
carryover_beta_0.3,237,22.059646737841184
carryover_beta_0.3,238,27.4536739354601
carryover_beta_0.3,239,5.891069145785306
carryover_beta_0.3,240,252.45928798182638
carryover_beta_0.3,241,56.33128135834348
carryover_beta_0.3,242,72.33079701870139
carryover_beta_0.3,243,61.867809250367884
carryover_beta_0.3,244,72.33079701870139
carryover_beta_0.3,245,33.11545195869231
carryover_beta_0.3,246,45.97625189374871
carryover_beta_0.3,247,67.9484955630781
carryover_beta_0.3,248,51.290215346585704
carryover_beta_0.3,249,39.94485987582193
carryover_beta_0.3,250,32.60204446315635
carryover_beta_0.3,251,11.444393964331121
carryover_beta_0.3,252,30.62678644311483
carryover_beta_0.3,253,53.75168417471723
carryover_beta_0.3,254,72.33079701870139
carryover_beta_0.3,255,21.380942759123343
carryover_beta_0.3,256,22.40703562619394
carryover_beta_0.3,257,39.94485987582193
carryover_beta_0.3,258,13.804574186067095
carryover_beta_0.3,259,215.9398723106141
carryover_beta_0.3,260,8.912902981198737
carryover_beta_0.3,261,26.196478674560588
carryover_beta_0.3,262,123.03883041717654
carryover_beta_0.3,263,3.6865368709074224
carryover_beta_0.3,264,19.165753221675935
carryover_beta_0.3,265,40.57389988868238
carryover_beta_0.3,266,39.32557222442699
carryover_beta_0.3,267,61.867809250367884
carryover_beta_0.3,268,58.119428177447986
carryover_beta_0.3,269,25.39049775763493
carryover_beta_0.3,270,23.482371718117374
carryover_beta_0.3,271,115.58428452718766
carryover_beta_0.3,272,115.58428452718766
carryover_beta_0.3,273,41.2128458403547
carryover_beta_0.3,274,33.11545195869231
carryover_beta_0.3,275,9.637145935456955
carryover_beta_0.3,276,22.40703562619394
carryover_beta_0.3,277,22.059646737841184
carryover_beta_0.3,278,26.609013186724894
carryover_beta_0.3,279,24.22778221261098
carryover_beta_0.3,280,47.435694792893365
carryover_beta_0.3,281,59.964336869699544
carryover_beta_0.3,282,29.684499285876434
carryover_beta_0.3,283,84.563269020706
carryover_beta_0.3,284,65.8579401324037
carryover_beta_0.3,285,90.01713130052181
carryover_beta_0.3,286,123.03883041717654
carryover_beta_0.3,287,19.774139536218833
carryover_beta_0.3,288,81.9615307508321
carryover_beta_0.3,289,28.325147094540903
carryover_beta_0.3,290,40.57389988868238
carryover_beta_0.3,291,31.598985005566618
carryover_beta_0.3,292,45.263456176258764
carryover_beta_0.3,293,11.26696508157019
carryover_beta_0.3,294,27.886006392229614
carryover_beta_0.3,295,54.598150033144236
carryover_beta_0.3,296,29.684499285876434
carryover_beta_0.3,297,108.5813867407896
carryover_beta_0.3,298,3.6578480133721323
carryover_beta_0.3,299,30.151962130172098
carryover_beta_0.3,300,76.99573263552006
carryover_beta_0.3,301,36.37020880080945
carryover_beta_0.3,302,5.448348308054142
carryover_beta_0.5,1,48.94146538270724
carryover_beta_0.5,2,8.372897488127265
carryover_beta_0.5,3,443.0798490653855
carryover_beta_0.5,4,38.115651564714454
carryover_beta_0.5,5,35.25121511458854
carryover_beta_0.5,6,61.867809250367884
carryover_beta_0.5,7,29.684499285876434
carryover_beta_0.5,8,81.9615307508321
carryover_beta_0.5,9,126.94450214932196
carryover_beta_0.5,10,8.243087744472826
carryover_beta_0.5,11,15.888967492629165
carryover_beta_0.5,12,41.861853726676614
carryover_beta_0.5,13,74.62682298320091
carryover_beta_0.5,14,59.964336869699544
carryover_beta_0.5,15,32.09659661306934
carryover_beta_0.5,16,58.119428177447986
carryover_beta_0.5,17,105.24068867470233
carryover_beta_0.5,18,39.32557222442699
carryover_beta_0.5,19,28.771203256660744
carryover_beta_0.5,20,26.196478674560588
carryover_beta_0.5,21,12.968197316969134
carryover_beta_0.5,22,31.10908815096766
carryover_beta_0.5,23,39.94485987582193
carryover_beta_0.5,24,21.380942759123343
carryover_beta_0.5,25,31.10908815096766
carryover_beta_0.5,26,56.33128135834348
carryover_beta_0.5,27,22.059646737841184
carryover_beta_0.5,28,61.867809250367884
carryover_beta_0.5,29,84.563269020706
carryover_beta_0.5,30,47.435694792893365
carryover_beta_0.5,31,20.401838105461145
carryover_beta_0.5,32,27.886006392229614
carryover_beta_0.5,33,19.774139536218833
carryover_beta_0.5,34,38.115651564714454
carryover_beta_0.5,35,19.46756991825522
carryover_beta_0.5,36,21.049461966173517
carryover_beta_0.5,37,25.39049775763493
carryover_beta_0.5,38,67.9484955630781
carryover_beta_0.5,39,32.60204446315635
carryover_beta_0.5,40,27.4536739354601
carryover_beta_0.5,41,10.258688448076699
carryover_beta_0.5,42,61.867809250367884
carryover_beta_0.5,43,67.9484955630781
carryover_beta_0.5,44,39.94485987582193
carryover_beta_0.5,45,40.57389988868238
carryover_beta_0.5,46,20.401838105461145
carryover_beta_0.5,47,22.75989509352673
carryover_beta_0.5,48,378.98627852215554
carryover_beta_0.5,49,35.25121511458854
carryover_beta_0.5,50,47.435694792893365
carryover_beta_0.5,51,26.196478674560588
carryover_beta_0.5,52,40.57389988868238
carryover_beta_0.5,53,45.263456176258764
carryover_beta_0.5,54,5.405948925141167
carryover_beta_0.5,55,295.1548104863723
carryover_beta_0.5,56,10.751013186076355
carryover_beta_0.5,57,17.725424121461643
carryover_beta_0.5,58,5.363879496843748
carryover_beta_0.5,59,44.5617113320772
carryover_beta_0.5,60,50.49503426195374
carryover_beta_0.5,61,33.63694444585419
carryover_beta_0.5,62,12.182493960703473
carryover_beta_0.5,63,31.598985005566618
carryover_beta_0.5,64,45.97625189374871
carryover_beta_0.5,65,65.8579401324037
carryover_beta_0.5,66,30.151962130172098
carryover_beta_0.5,67,63.83170433047907
carryover_beta_0.5,68,130.9741532108186
carryover_beta_0.5,69,38.115651564714454
carryover_beta_0.5,70,92.87458178129451
carryover_beta_0.5,71,33.11545195869231
carryover_beta_0.5,72,61.867809250367884
carryover_beta_0.5,73,168.17414165184545
carryover_beta_0.5,74,54.598150033144236
carryover_beta_0.5,75,79.43983955226133
carryover_beta_0.5,76,27.886006392229614
carryover_beta_0.5,77,119.2533235714264
carryover_beta_0.5,78,244.69193226422038
carryover_beta_0.5,79,148.4131591025766
carryover_beta_0.5,80,54.598150033144236
carryover_beta_0.5,81,13.379852088930456
carryover_beta_0.5,82,70.10541234668786
carryover_beta_0.5,83,26.609013186724894
carryover_beta_0.5,84,17.180070153709277
carryover_beta_0.5,85,44.5617113320772
carryover_beta_0.5,86,37.524723159601
carryover_beta_0.5,87,59.964336869699544
carryover_beta_0.5,88,15.400115355370453
carryover_beta_0.5,89,42.52108200006278
carryover_beta_0.5,90,10.099642225480054
carryover_beta_0.5,91,63.83170433047907
carryover_beta_0.5,92,37.524723159601
carryover_beta_0.5,93,67.9484955630781
carryover_beta_0.5,94,35.806340977539655
carryover_beta_0.5,95,5.891069145785306
carryover_beta_0.5,96,8.912902981198737
carryover_beta_0.5,97,38.115651564714454
carryover_beta_0.5,98,39.94485987582193
carryover_beta_0.5,99,27.4536739354601
carryover_beta_0.5,100,27.028044172168716
carryover_beta_0.5,101,47.435694792893365
carryover_beta_0.5,102,29.684499285876434
carryover_beta_0.5,103,39.94485987582193
carryover_beta_0.5,104,39.94485987582193
carryover_beta_0.5,105,123.03883041717654
carryover_beta_0.5,106,35.806340977539655
carryover_beta_0.5,107,102.00277308269969
carryover_beta_0.5,108,38.71588573814723
carryover_beta_0.5,109,2.718281828459045
carryover_beta_0.5,110,14.694892728788941
carryover_beta_0.5,111,32.60204446315635
carryover_beta_0.5,112,67.9484955630781
carryover_beta_0.5,113,35.806340977539655
carryover_beta_0.5,114,19.165753221675935
carryover_beta_0.5,115,46.70027251047952
carryover_beta_0.5,116,21.049461966173517
carryover_beta_0.5,117,29.684499285876434
carryover_beta_0.5,118,54.598150033144236
carryover_beta_0.5,119,37.524723159601
carryover_beta_0.5,120,42.52108200006278
carryover_beta_0.5,121,27.028044172168716
carryover_beta_0.5,122,47.435694792893365
carryover_beta_0.5,123,34.16664924473404
carryover_beta_0.5,124,2.70768425193379
carryover_beta_0.5,125,59.964336869699544
carryover_beta_0.5,126,24.22778221261098
carryover_beta_0.5,127,14.694892728788941
carryover_beta_0.5,128,15.16135869683449
carryover_beta_0.5,129,52.9183415530491
carryover_beta_0.5,130,13.379852088930456
carryover_beta_0.5,131,21.049461966173517
carryover_beta_0.5,132,41.2128458403547
carryover_beta_0.5,133,24.609314266596865
carryover_beta_0.5,134,92.87458178129451
carryover_beta_0.5,135,45.97625189374871
carryover_beta_0.5,136,115.58428452718766
carryover_beta_0.5,137,72.33079701870139
carryover_beta_0.5,138,21.380942759123343
carryover_beta_0.5,139,5.66538583090943
carryover_beta_0.5,140,19.46756991825522
carryover_beta_0.5,141,18.576084986220376
carryover_beta_0.5,142,33.11545195869231
carryover_beta_0.5,143,23.118311288923124
carryover_beta_0.5,144,74.62682298320091
carryover_beta_0.5,145,42.52108200006278
carryover_beta_0.5,146,126.94450214932196
carryover_beta_0.5,147,90.01713130052181
carryover_beta_0.5,148,70.10541234668786
carryover_beta_0.5,149,24.22778221261098
carryover_beta_0.5,150,5.322137455434696
carryover_beta_0.5,151,51.290215346585704
carryover_beta_0.5,152,33.11545195869231
carryover_beta_0.5,153,39.94485987582193
carryover_beta_0.5,154,40.57389988868238
carryover_beta_0.5,155,22.75989509352673
carryover_beta_0.5,156,23.852165264858517
carryover_beta_0.5,157,9.053260780008058
carryover_beta_0.5,158,59.964336869699544
carryover_beta_0.5,159,33.11545195869231
carryover_beta_0.5,160,45.263456176258764
carryover_beta_0.5,161,2.8045693562372267
carryover_beta_0.5,162,123.03883041717654
carryover_beta_0.5,163,112.02812994692015
carryover_beta_0.5,164,29.22428378123494
carryover_beta_0.5,165,14.021964597512564
carryover_beta_0.5,166,87.24759532868651
carryover_beta_0.5,167,43.19069160819034
carryover_beta_0.5,168,31.10908815096766
carryover_beta_0.5,169,65.8579401324037
carryover_beta_0.5,170,54.598150033144236
carryover_beta_0.5,171,41.861853726676614
carryover_beta_0.5,172,6.271010462790426
carryover_beta_0.5,173,14.021964597512564
carryover_beta_0.5,174,3.080216848918031
carryover_beta_0.5,175,81.9615307508321
carryover_beta_0.5,176,67.9484955630781
carryover_beta_0.5,177,123.03883041717654
carryover_beta_0.5,178,30.151962130172098
carryover_beta_0.5,179,43.19069160819034
carryover_beta_0.5,180,58.119428177447986
carryover_beta_0.5,181,27.886006392229614
carryover_beta_0.5,182,1.6878195689025528
carryover_beta_0.5,183,36.942956250241515
carryover_beta_0.5,184,12.569207830853442
carryover_beta_0.5,185,21.049461966173517
carryover_beta_0.5,186,27.886006392229614
carryover_beta_0.5,187,35.25121511458854
carryover_beta_0.5,188,41.2128458403547
carryover_beta_0.5,189,8.912902981198737
carryover_beta_0.5,190,70.10541234668786
carryover_beta_0.5,191,33.63694444585419
carryover_beta_0.5,192,45.263456176258764
carryover_beta_0.5,193,26.609013186724894
carryover_beta_0.5,194,108.5813867407896
carryover_beta_0.5,195,20.085536923187668
carryover_beta_0.5,196,54.598150033144236
carryover_beta_0.5,197,23.852165264858517
carryover_beta_0.5,198,30.62678644311483
carryover_beta_0.5,199,20.085536923187668
carryover_beta_0.5,200,12.968197316969134
carryover_beta_0.5,201,9.637145935456955
carryover_beta_0.5,202,7.9894745966477085
carryover_beta_0.5,203,24.9968545761854
carryover_beta_0.5,204,44.5617113320772
carryover_beta_0.5,205,34.16664924473404
carryover_beta_0.5,206,21.380942759123343
carryover_beta_0.5,207,61.867809250367884
carryover_beta_0.5,208,22.40703562619394
carryover_beta_0.5,209,24.22778221261098
carryover_beta_0.5,210,17.725424121461643
carryover_beta_0.5,211,24.9968545761854
carryover_beta_0.5,212,54.598150033144236
carryover_beta_0.5,213,51.290215346585704
carryover_beta_0.5,214,27.028044172168716
carryover_beta_0.5,215,29.22428378123494
carryover_beta_0.5,216,13.804574186067095
carryover_beta_0.5,217,28.325147094540903
carryover_beta_0.5,218,13.172416709211404
carryover_beta_0.5,219,43.87084603329354
carryover_beta_0.5,220,30.151962130172098
carryover_beta_0.5,221,45.97625189374871
carryover_beta_0.5,222,24.22778221261098
carryover_beta_0.5,223,30.62678644311483
carryover_beta_0.5,224,36.37020880080945
carryover_beta_0.5,225,29.684499285876434
carryover_beta_0.5,226,21.717643615002626
carryover_beta_0.5,227,38.71588573814723
carryover_beta_0.5,228,21.049461966173517
carryover_beta_0.5,229,39.32557222442699
carryover_beta_0.5,230,45.263456176258764
carryover_beta_0.5,231,12.968197316969134
carryover_beta_0.5,232,43.87084603329354
carryover_beta_0.5,233,31.598985005566618
carryover_beta_0.5,234,52.9183415530491
carryover_beta_0.5,235,84.563269020706
carryover_beta_0.5,236,70.10541234668786
carryover_beta_0.5,237,21.717643615002626
carryover_beta_0.5,238,27.886006392229614
carryover_beta_0.5,239,5.709820002693286
carryover_beta_0.5,240,252.45928798182638
carryover_beta_0.5,241,58.119428177447986
carryover_beta_0.5,242,70.10541234668786
carryover_beta_0.5,243,59.964336869699544
carryover_beta_0.5,244,63.83170433047907
carryover_beta_0.5,245,33.11545195869231
carryover_beta_0.5,246,44.5617113320772
carryover_beta_0.5,247,65.8579401324037
carryover_beta_0.5,248,50.49503426195374
carryover_beta_0.5,249,39.94485987582193
carryover_beta_0.5,250,32.09659661306934
carryover_beta_0.5,251,10.751013186076355
carryover_beta_0.5,252,30.62678644311483
carryover_beta_0.5,253,52.9183415530491
carryover_beta_0.5,254,65.8579401324037
carryover_beta_0.5,255,20.085536923187668
carryover_beta_0.5,256,22.40703562619394
carryover_beta_0.5,257,38.115651564714454
carryover_beta_0.5,258,13.804574186067095
carryover_beta_0.5,259,215.9398723106141
carryover_beta_0.5,260,7.38905609893065
carryover_beta_0.5,261,25.790339917193062
carryover_beta_0.5,262,119.2533235714264
carryover_beta_0.5,263,3.715450737941104
carryover_beta_0.5,264,19.774139536218833
carryover_beta_0.5,265,40.57389988868238
carryover_beta_0.5,266,36.37020880080945
carryover_beta_0.5,267,59.964336869699544
carryover_beta_0.5,268,48.94146538270724
carryover_beta_0.5,269,25.39049775763493
carryover_beta_0.5,270,22.40703562619394
carryover_beta_0.5,271,115.58428452718766
carryover_beta_0.5,272,98.86447768050158
carryover_beta_0.5,273,39.94485987582193
carryover_beta_0.5,274,32.60204446315635
carryover_beta_0.5,275,9.487735836358526
carryover_beta_0.5,276,22.75989509352673
carryover_beta_0.5,277,21.049461966173517
carryover_beta_0.5,278,26.196478674560588
carryover_beta_0.5,279,24.22778221261098
carryover_beta_0.5,280,45.97625189374871
carryover_beta_0.5,281,59.964336869699544
carryover_beta_0.5,282,27.4536739354601
carryover_beta_0.5,283,79.43983955226133
carryover_beta_0.5,284,65.8579401324037
carryover_beta_0.5,285,87.24759532868651
carryover_beta_0.5,286,126.94450214932196
carryover_beta_0.5,287,18.576084986220376
carryover_beta_0.5,288,84.563269020706
carryover_beta_0.5,289,26.609013186724894
carryover_beta_0.5,290,39.94485987582193
carryover_beta_0.5,291,31.598985005566618
carryover_beta_0.5,292,45.263456176258764
carryover_beta_0.5,293,10.920317008742302
carryover_beta_0.5,294,28.325147094540903
carryover_beta_0.5,295,53.75168417471723
carryover_beta_0.5,296,29.684499285876434
carryover_beta_0.5,297,102.00277308269969
carryover_beta_0.5,298,3.2280395419261225
carryover_beta_0.5,299,29.684499285876434
carryover_beta_0.5,300,76.99573263552006
carryover_beta_0.5,301,36.942956250241515
carryover_beta_0.5,302,5.621297448593752
carryover_beta_0.7,1,48.94146538270724
carryover_beta_0.7,2,7.865609273944892
carryover_beta_0.7,3,429.4477152409339
carryover_beta_0.7,4,33.63694444585419
carryover_beta_0.7,5,33.63694444585419
carryover_beta_0.7,6,59.964336869699544
carryover_beta_0.7,7,29.22428378123494
carryover_beta_0.7,8,84.563269020706
carryover_beta_0.7,9,123.03883041717654
carryover_beta_0.7,10,7.623609917712736
carryover_beta_0.7,11,15.642631884188171
carryover_beta_0.7,12,39.94485987582193
carryover_beta_0.7,13,67.9484955630781
carryover_beta_0.7,14,58.119428177447986
carryover_beta_0.7,15,31.10908815096766
carryover_beta_0.7,16,58.119428177447986
carryover_beta_0.7,17,102.00277308269969
carryover_beta_0.7,18,38.115651564714454
carryover_beta_0.7,19,29.22428378123494
carryover_beta_0.7,20,24.9968545761854
carryover_beta_0.7,21,12.968197316969134
carryover_beta_0.7,22,31.598985005566618
carryover_beta_0.7,23,41.2128458403547
carryover_beta_0.7,24,22.059646737841184
carryover_beta_0.7,25,31.10908815096766
carryover_beta_0.7,26,54.598150033144236
carryover_beta_0.7,27,21.717643615002626
carryover_beta_0.7,28,58.119428177447986
carryover_beta_0.7,29,79.43983955226133
carryover_beta_0.7,30,45.263456176258764
carryover_beta_0.7,31,19.774139536218833
carryover_beta_0.7,32,27.886006392229614
carryover_beta_0.7,33,20.723120306578686
carryover_beta_0.7,34,38.71588573814723
carryover_beta_0.7,35,19.774139536218833
carryover_beta_0.7,36,21.049461966173517
carryover_beta_0.7,37,24.609314266596865
carryover_beta_0.7,38,65.8579401324037
carryover_beta_0.7,39,33.11545195869231
carryover_beta_0.7,40,26.609013186724894
carryover_beta_0.7,41,10.099642225480054
carryover_beta_0.7,42,61.867809250367884
carryover_beta_0.7,43,70.10541234668786
carryover_beta_0.7,44,38.71588573814723
carryover_beta_0.7,45,39.32557222442699
carryover_beta_0.7,46,19.774139536218833
carryover_beta_0.7,47,22.75989509352673
carryover_beta_0.7,48,345.0709334152821
carryover_beta_0.7,49,34.16664924473404
carryover_beta_0.7,50,45.97625189374871
carryover_beta_0.7,51,25.39049775763493
carryover_beta_0.7,52,40.57389988868238
carryover_beta_0.7,53,43.87084603329354
carryover_beta_0.7,54,5.405948925141167
carryover_beta_0.7,55,295.1548104863723
carryover_beta_0.7,56,9.788908901255894
carryover_beta_0.7,57,18.00455893510183
carryover_beta_0.7,58,5.448348308054142
carryover_beta_0.7,59,41.861853726676614
carryover_beta_0.7,60,49.71218131735948
carryover_beta_0.7,61,32.60204446315635
carryover_beta_0.7,62,11.993621898152476
carryover_beta_0.7,63,31.10908815096766
carryover_beta_0.7,64,44.5617113320772
carryover_beta_0.7,65,67.9484955630781
carryover_beta_0.7,66,29.684499285876434
carryover_beta_0.7,67,61.867809250367884
carryover_beta_0.7,68,126.94450214932196
carryover_beta_0.7,69,36.37020880080945
carryover_beta_0.7,70,92.87458178129451
carryover_beta_0.7,71,31.598985005566618
carryover_beta_0.7,72,56.33128135834348
carryover_beta_0.7,73,153.12429849019884
carryover_beta_0.7,74,56.33128135834348
carryover_beta_0.7,75,76.99573263552006
carryover_beta_0.7,76,26.609013186724894
carryover_beta_0.7,77,102.00277308269969
carryover_beta_0.7,78,237.16355295871682
carryover_beta_0.7,79,143.8469662358426
carryover_beta_0.7,80,49.71218131735948
carryover_beta_0.7,81,12.182493960703473
carryover_beta_0.7,82,70.10541234668786
carryover_beta_0.7,83,26.609013186724894
carryover_beta_0.7,84,17.180070153709277
carryover_beta_0.7,85,44.5617113320772
carryover_beta_0.7,86,38.115651564714454
carryover_beta_0.7,87,61.867809250367884
carryover_beta_0.7,88,15.400115355370453
carryover_beta_0.7,89,42.52108200006278
carryover_beta_0.7,90,10.099642225480054
carryover_beta_0.7,91,63.83170433047907
carryover_beta_0.7,92,34.70469568042362
carryover_beta_0.7,93,67.9484955630781
carryover_beta_0.7,94,34.16664924473404
carryover_beta_0.7,95,4.922172509432291
carryover_beta_0.7,96,8.372897488127265
carryover_beta_0.7,97,38.115651564714454
carryover_beta_0.7,98,38.71588573814723
carryover_beta_0.7,99,25.39049775763493
carryover_beta_0.7,100,26.609013186724894
carryover_beta_0.7,101,45.97625189374871
carryover_beta_0.7,102,28.325147094540903
carryover_beta_0.7,103,36.37020880080945
carryover_beta_0.7,104,39.32557222442699
carryover_beta_0.7,105,126.94450214932196
carryover_beta_0.7,106,35.25121511458854
carryover_beta_0.7,107,102.00277308269969
carryover_beta_0.7,108,39.32557222442699
carryover_beta_0.7,109,2.665705498564471
carryover_beta_0.7,110,14.694892728788941
carryover_beta_0.7,111,32.60204446315635
carryover_beta_0.7,112,72.33079701870139
carryover_beta_0.7,113,34.70469568042362
carryover_beta_0.7,114,18.868615759264884
carryover_beta_0.7,115,48.182698291098816
carryover_beta_0.7,116,20.401838105461145
carryover_beta_0.7,117,29.684499285876434
carryover_beta_0.7,118,53.75168417471723
carryover_beta_0.7,119,36.942956250241515
carryover_beta_0.7,120,40.57389988868238
carryover_beta_0.7,121,26.609013186724894
carryover_beta_0.7,122,43.19069160819034
carryover_beta_0.7,123,33.11545195869231
carryover_beta_0.7,124,2.5836903625350174
carryover_beta_0.7,125,59.964336869699544
carryover_beta_0.7,126,23.852165264858517
carryover_beta_0.7,127,14.242778409807016
carryover_beta_0.7,128,14.694892728788941
carryover_beta_0.7,129,53.75168417471723
carryover_beta_0.7,130,13.59055410055989
carryover_beta_0.7,131,20.723120306578686
carryover_beta_0.7,132,41.861853726676614
carryover_beta_0.7,133,23.852165264858517
carryover_beta_0.7,134,87.24759532868651
carryover_beta_0.7,135,44.5617113320772
carryover_beta_0.7,136,112.02812994692015
carryover_beta_0.7,137,72.33079701870139
carryover_beta_0.7,138,20.723120306578686
carryover_beta_0.7,139,5.66538583090943
carryover_beta_0.7,140,19.165753221675935
carryover_beta_0.7,141,19.165753221675935
carryover_beta_0.7,142,32.60204446315635
carryover_beta_0.7,143,22.059646737841184
carryover_beta_0.7,144,72.33079701870139
carryover_beta_0.7,145,37.524723159601
carryover_beta_0.7,146,126.94450214932196
carryover_beta_0.7,147,87.24759532868651
carryover_beta_0.7,148,65.8579401324037
carryover_beta_0.7,149,23.118311288923124
carryover_beta_0.7,150,5.038898466692391
carryover_beta_0.7,151,50.49503426195374
carryover_beta_0.7,152,30.62678644311483
carryover_beta_0.7,153,39.94485987582193
carryover_beta_0.7,154,39.32557222442699
carryover_beta_0.7,155,22.40703562619394
carryover_beta_0.7,156,23.118311288923124
carryover_beta_0.7,157,9.195828892530896
carryover_beta_0.7,158,59.964336869699544
carryover_beta_0.7,159,32.60204446315635
carryover_beta_0.7,160,45.97625189374871
carryover_beta_0.7,161,2.7827440243535593
carryover_beta_0.7,162,130.9741532108186
carryover_beta_0.7,163,108.5813867407896
carryover_beta_0.7,164,29.22428378123494
carryover_beta_0.7,165,13.59055410055989
carryover_beta_0.7,166,84.563269020706
carryover_beta_0.7,167,43.19069160819034
carryover_beta_0.7,168,30.62678644311483
carryover_beta_0.7,169,65.8579401324037
carryover_beta_0.7,170,54.598150033144236
carryover_beta_0.7,171,41.2128458403547
carryover_beta_0.7,172,5.448348308054142
carryover_beta_0.7,173,13.172416709211404
carryover_beta_0.7,174,3.2029187389124782
carryover_beta_0.7,175,81.9615307508321
carryover_beta_0.7,176,67.9484955630781
carryover_beta_0.7,177,119.2533235714264
carryover_beta_0.7,178,28.771203256660744
carryover_beta_0.7,179,38.71588573814723
carryover_beta_0.7,180,58.119428177447986
carryover_beta_0.7,181,27.4536739354601
carryover_beta_0.7,182,1.674684852811784
carryover_beta_0.7,183,36.37020880080945
carryover_beta_0.7,184,13.59055410055989
carryover_beta_0.7,185,22.059646737841184
carryover_beta_0.7,186,27.4536739354601
carryover_beta_0.7,187,34.70469568042362
carryover_beta_0.7,188,40.57389988868238
carryover_beta_0.7,189,8.912902981198737
carryover_beta_0.7,190,72.33079701870139
carryover_beta_0.7,191,33.63694444585419
carryover_beta_0.7,192,47.435694792893365
carryover_beta_0.7,193,26.609013186724894
carryover_beta_0.7,194,105.24068867470233
carryover_beta_0.7,195,19.46756991825522
carryover_beta_0.7,196,52.9183415530491
carryover_beta_0.7,197,23.852165264858517
carryover_beta_0.7,198,30.151962130172098
carryover_beta_0.7,199,19.46756991825522
carryover_beta_0.7,200,12.968197316969134
carryover_beta_0.7,201,9.637145935456955
carryover_beta_0.7,202,8.115290514356445
carryover_beta_0.7,203,24.9968545761854
carryover_beta_0.7,204,45.97625189374871
carryover_beta_0.7,205,33.63694444585419
carryover_beta_0.7,206,21.049461966173517
carryover_beta_0.7,207,63.83170433047907
carryover_beta_0.7,208,21.380942759123343
carryover_beta_0.7,209,23.852165264858517
carryover_beta_0.7,210,17.725424121461643
carryover_beta_0.7,211,25.39049775763493
carryover_beta_0.7,212,56.33128135834348
carryover_beta_0.7,213,48.94146538270724
carryover_beta_0.7,214,27.028044172168716
carryover_beta_0.7,215,27.886006392229614
carryover_beta_0.7,216,13.59055410055989
carryover_beta_0.7,217,27.886006392229614
carryover_beta_0.7,218,12.968197316969134
carryover_beta_0.7,219,44.5617113320772
carryover_beta_0.7,220,29.22428378123494
carryover_beta_0.7,221,43.87084603329354
carryover_beta_0.7,222,23.118311288923124
carryover_beta_0.7,223,28.771203256660744
carryover_beta_0.7,224,36.37020880080945
carryover_beta_0.7,225,29.684499285876434
carryover_beta_0.7,226,22.40703562619394
carryover_beta_0.7,227,38.71588573814723
carryover_beta_0.7,228,20.401838105461145
carryover_beta_0.7,229,38.71588573814723
carryover_beta_0.7,230,43.19069160819034
carryover_beta_0.7,231,11.993621898152476
carryover_beta_0.7,232,43.19069160819034
carryover_beta_0.7,233,31.598985005566618
carryover_beta_0.7,234,52.097918711212095
carryover_beta_0.7,235,79.43983955226133
carryover_beta_0.7,236,63.83170433047907
carryover_beta_0.7,237,21.380942759123343
carryover_beta_0.7,238,28.325147094540903
carryover_beta_0.7,239,5.799736584178129
carryover_beta_0.7,240,244.69193226422038
carryover_beta_0.7,241,59.964336869699544
carryover_beta_0.7,242,72.33079701870139
carryover_beta_0.7,243,59.964336869699544
carryover_beta_0.7,244,61.867809250367884
carryover_beta_0.7,245,33.11545195869231
carryover_beta_0.7,246,41.861853726676614
carryover_beta_0.7,247,65.8579401324037
carryover_beta_0.7,248,49.71218131735948
carryover_beta_0.7,249,40.57389988868238
carryover_beta_0.7,250,32.60204446315635
carryover_beta_0.7,251,10.751013186076355
carryover_beta_0.7,252,30.62678644311483
carryover_beta_0.7,253,52.097918711212095
carryover_beta_0.7,254,59.964336869699544
carryover_beta_0.7,255,18.868615759264884
carryover_beta_0.7,256,22.40703562619394
carryover_beta_0.7,257,36.942956250241515
carryover_beta_0.7,258,13.59055410055989
carryover_beta_0.7,259,215.9398723106141
carryover_beta_0.7,260,6.470073703341919
carryover_beta_0.7,261,25.39049775763493
carryover_beta_0.7,262,115.58428452718766
carryover_beta_0.7,263,3.6578480133721323
carryover_beta_0.7,264,19.165753221675935
carryover_beta_0.7,265,40.57389988868238
carryover_beta_0.7,266,35.25121511458854
carryover_beta_0.7,267,56.33128135834348
carryover_beta_0.7,268,41.861853726676614
carryover_beta_0.7,269,25.790339917193062
carryover_beta_0.7,270,22.059646737841184
carryover_beta_0.7,271,115.58428452718766
carryover_beta_0.7,272,84.563269020706
carryover_beta_0.7,273,36.942956250241515
carryover_beta_0.7,274,31.598985005566618
carryover_beta_0.7,275,9.053260780008058
carryover_beta_0.7,276,22.75989509352673
carryover_beta_0.7,277,21.049461966173517
carryover_beta_0.7,278,26.196478674560588
carryover_beta_0.7,279,23.482371718117374
carryover_beta_0.7,280,45.97625189374871
carryover_beta_0.7,281,61.867809250367884
carryover_beta_0.7,282,25.790339917193062
carryover_beta_0.7,283,74.62682298320091
carryover_beta_0.7,284,63.83170433047907
carryover_beta_0.7,285,81.9615307508321
carryover_beta_0.7,286,126.94450214932196
carryover_beta_0.7,287,18.868615759264884
carryover_beta_0.7,288,90.01713130052181
carryover_beta_0.7,289,26.196478674560588
carryover_beta_0.7,290,39.94485987582193
carryover_beta_0.7,291,32.09659661306934
carryover_beta_0.7,292,45.97625189374871
carryover_beta_0.7,293,11.092286978670202
carryover_beta_0.7,294,29.22428378123494
carryover_beta_0.7,295,53.75168417471723
carryover_beta_0.7,296,30.151962130172098
carryover_beta_0.7,297,105.24068867470233
carryover_beta_0.7,298,3.032462512963828
carryover_beta_0.7,299,28.771203256660744
carryover_beta_0.7,300,74.62682298320091
carryover_beta_0.7,301,36.37020880080945
carryover_beta_0.7,302,5.491080233448797
carryover_beta_0.9,1,48.94146538270724
carryover_beta_0.9,2,8.115290514356445
carryover_beta_0.9,3,391.0165943978527
carryover_beta_0.9,4,31.598985005566618
carryover_beta_0.9,5,31.10908815096766
carryover_beta_0.9,6,54.598150033144236
carryover_beta_0.9,7,27.4536739354601
carryover_beta_0.9,8,79.43983955226133
carryover_beta_0.9,9,115.58428452718766
carryover_beta_0.9,10,5.983839985957149
carryover_beta_0.9,11,13.804574186067095
carryover_beta_0.9,12,37.524723159601
carryover_beta_0.9,13,59.964336869699544
carryover_beta_0.9,14,48.182698291098816
carryover_beta_0.9,15,26.609013186724894
carryover_beta_0.9,16,54.598150033144236
carryover_beta_0.9,17,98.86447768050158
carryover_beta_0.9,18,35.25121511458854
carryover_beta_0.9,19,27.4536739354601
carryover_beta_0.9,20,23.482371718117374
carryover_beta_0.9,21,12.569207830853442
carryover_beta_0.9,22,31.10908815096766
carryover_beta_0.9,23,39.94485987582193
carryover_beta_0.9,24,21.717643615002626
carryover_beta_0.9,25,31.598985005566618
carryover_beta_0.9,26,53.75168417471723
carryover_beta_0.9,27,22.059646737841184
carryover_beta_0.9,28,58.119428177447986
carryover_beta_0.9,29,74.62682298320091
carryover_beta_0.9,30,41.861853726676614
carryover_beta_0.9,31,17.45061689198871
carryover_beta_0.9,32,27.4536739354601
carryover_beta_0.9,33,20.401838105461145
carryover_beta_0.9,34,39.32557222442699
carryover_beta_0.9,35,20.401838105461145
carryover_beta_0.9,36,21.380942759123343
carryover_beta_0.9,37,23.852165264858517
carryover_beta_0.9,38,63.83170433047907
carryover_beta_0.9,39,33.63694444585419
carryover_beta_0.9,40,26.609013186724894
carryover_beta_0.9,41,9.637145935456955
carryover_beta_0.9,42,61.867809250367884
carryover_beta_0.9,43,74.62682298320091
carryover_beta_0.9,44,38.115651564714454
carryover_beta_0.9,45,38.115651564714454
carryover_beta_0.9,46,18.868615759264884
carryover_beta_0.9,47,22.75989509352673
carryover_beta_0.9,48,324.16414244755515
carryover_beta_0.9,49,32.60204446315635
carryover_beta_0.9,50,44.5617113320772
carryover_beta_0.9,51,25.39049775763493
carryover_beta_0.9,52,40.57389988868238
carryover_beta_0.9,53,41.2128458403547
carryover_beta_0.9,54,5.322137455434696
carryover_beta_0.9,55,295.1548104863723
carryover_beta_0.9,56,9.637145935456955
carryover_beta_0.9,57,18.00455893510183
carryover_beta_0.9,58,5.709820002693286
carryover_beta_0.9,59,41.861853726676614
carryover_beta_0.9,60,48.94146538270724
carryover_beta_0.9,61,32.09659661306934
carryover_beta_0.9,62,11.807678025521156
carryover_beta_0.9,63,30.62678644311483
carryover_beta_0.9,64,43.19069160819034
carryover_beta_0.9,65,67.9484955630781
carryover_beta_0.9,66,29.684499285876434
carryover_beta_0.9,67,59.964336869699544
carryover_beta_0.9,68,119.2533235714264
carryover_beta_0.9,69,35.806340977539655
carryover_beta_0.9,70,90.01713130052181
carryover_beta_0.9,71,31.598985005566618
carryover_beta_0.9,72,49.71218131735948
carryover_beta_0.9,73,135.13171912803952
carryover_beta_0.9,74,53.75168417471723
carryover_beta_0.9,75,70.10541234668786
carryover_beta_0.9,76,25.39049775763493
carryover_beta_0.9,77,84.563269020706
carryover_beta_0.9,78,209.29610089202527
carryover_beta_0.9,79,123.03883041717654
carryover_beta_0.9,80,43.19069160819034
carryover_beta_0.9,81,10.099642225480054
carryover_beta_0.9,82,65.8579401324037
carryover_beta_0.9,83,25.39049775763493
carryover_beta_0.9,84,16.139182322446413
carryover_beta_0.9,85,44.5617113320772
carryover_beta_0.9,86,38.115651564714454
carryover_beta_0.9,87,63.83170433047907
carryover_beta_0.9,88,15.400115355370453
carryover_beta_0.9,89,43.19069160819034
carryover_beta_0.9,90,9.788908901255894
carryover_beta_0.9,91,70.10541234668786
carryover_beta_0.9,92,35.25121511458854
carryover_beta_0.9,93,70.10541234668786
carryover_beta_0.9,94,33.63694444585419
carryover_beta_0.9,95,4.3099982582618726
carryover_beta_0.9,96,7.865609273944892
carryover_beta_0.9,97,37.524723159601
carryover_beta_0.9,98,38.71588573814723
carryover_beta_0.9,99,24.22778221261098
carryover_beta_0.9,100,27.028044172168716
carryover_beta_0.9,101,43.19069160819034
carryover_beta_0.9,102,25.790339917193062
carryover_beta_0.9,103,31.10908815096766
carryover_beta_0.9,104,38.115651564714454
carryover_beta_0.9,105,126.94450214932196
carryover_beta_0.9,106,35.806340977539655
carryover_beta_0.9,107,105.24068867470233
carryover_beta_0.9,108,41.861853726676614
carryover_beta_0.9,109,2.7610885385501014
carryover_beta_0.9,110,15.16135869683449
carryover_beta_0.9,111,33.11545195869231
carryover_beta_0.9,112,76.99573263552006
carryover_beta_0.9,113,36.942956250241515
carryover_beta_0.9,114,18.868615759264884
carryover_beta_0.9,115,52.097918711212095
carryover_beta_0.9,116,20.085536923187668
carryover_beta_0.9,117,30.151962130172098
carryover_beta_0.9,118,56.33128135834348
carryover_beta_0.9,119,37.524723159601
carryover_beta_0.9,120,40.57389988868238
carryover_beta_0.9,121,24.9968545761854
carryover_beta_0.9,122,36.942956250241515
carryover_beta_0.9,123,32.60204446315635
carryover_beta_0.9,124,2.504198566965173
carryover_beta_0.9,125,61.867809250367884
carryover_beta_0.9,126,22.75989509352673
carryover_beta_0.9,127,13.59055410055989
carryover_beta_0.9,128,14.467069533669397
carryover_beta_0.9,129,52.9183415530491
carryover_beta_0.9,130,13.379852088930456
carryover_beta_0.9,131,20.401838105461145
carryover_beta_0.9,132,43.19069160819034
carryover_beta_0.9,133,23.852165264858517
carryover_beta_0.9,134,84.563269020706
carryover_beta_0.9,135,42.52108200006278
carryover_beta_0.9,136,105.24068867470233
carryover_beta_0.9,137,67.9484955630781
carryover_beta_0.9,138,19.774139536218833
carryover_beta_0.9,139,5.891069145785306
carryover_beta_0.9,140,19.774139536218833
carryover_beta_0.9,141,19.165753221675935
carryover_beta_0.9,142,32.60204446315635
carryover_beta_0.9,143,21.717643615002626
carryover_beta_0.9,144,70.10541234668786
carryover_beta_0.9,145,34.16664924473404
carryover_beta_0.9,146,126.94450214932196
carryover_beta_0.9,147,87.24759532868651
carryover_beta_0.9,148,63.83170433047907
carryover_beta_0.9,149,22.75989509352673
carryover_beta_0.9,150,4.69676981955058
carryover_beta_0.9,151,49.71218131735948
carryover_beta_0.9,152,30.151962130172098
carryover_beta_0.9,153,39.94485987582193
carryover_beta_0.9,154,38.115651564714454
carryover_beta_0.9,155,21.717643615002626
carryover_beta_0.9,156,21.717643615002626
carryover_beta_0.9,157,8.912902981198737
carryover_beta_0.9,158,59.964336869699544
carryover_beta_0.9,159,31.10908815096766
carryover_beta_0.9,160,45.97625189374871
carryover_beta_0.9,161,2.848734897170399
carryover_beta_0.9,162,135.13171912803952
carryover_beta_0.9,163,112.02812994692015
carryover_beta_0.9,164,29.684499285876434
carryover_beta_0.9,165,13.379852088930456
carryover_beta_0.9,166,84.563269020706
carryover_beta_0.9,167,43.19069160819034
carryover_beta_0.9,168,30.62678644311483
carryover_beta_0.9,169,63.83170433047907
carryover_beta_0.9,170,54.598150033144236
carryover_beta_0.9,171,40.57389988868238
carryover_beta_0.9,172,4.770733181967603
carryover_beta_0.9,173,11.807678025521156
carryover_beta_0.9,174,3.3566300185707374
carryover_beta_0.9,175,81.9615307508321
carryover_beta_0.9,176,65.8579401324037
carryover_beta_0.9,177,115.58428452718766
carryover_beta_0.9,178,27.4536739354601
carryover_beta_0.9,179,34.16664924473404
carryover_beta_0.9,180,56.33128135834348
carryover_beta_0.9,181,26.609013186724894
carryover_beta_0.9,182,1.66815587531668
carryover_beta_0.9,183,35.25121511458854
carryover_beta_0.9,184,14.467069533669397
carryover_beta_0.9,185,21.380942759123343
carryover_beta_0.9,186,27.4536739354601
carryover_beta_0.9,187,34.70469568042362
carryover_beta_0.9,188,39.94485987582193
carryover_beta_0.9,189,8.638681785041102
carryover_beta_0.9,190,72.33079701870139
carryover_beta_0.9,191,33.11545195869231
carryover_beta_0.9,192,48.94146538270724
carryover_beta_0.9,193,27.028044172168716
carryover_beta_0.9,194,105.24068867470233
carryover_beta_0.9,195,18.576084986220376
carryover_beta_0.9,196,52.9183415530491
carryover_beta_0.9,197,24.22778221261098
carryover_beta_0.9,198,31.598985005566618
carryover_beta_0.9,199,19.774139536218833
carryover_beta_0.9,200,12.76714405293921
carryover_beta_0.9,201,9.788908901255894
carryover_beta_0.9,202,8.504751437796486
carryover_beta_0.9,203,24.9968545761854
carryover_beta_0.9,204,48.182698291098816
carryover_beta_0.9,205,33.11545195869231
carryover_beta_0.9,206,21.380942759123343
carryover_beta_0.9,207,63.83170433047907
carryover_beta_0.9,208,21.049461966173517
carryover_beta_0.9,209,23.118311288923124
carryover_beta_0.9,210,16.91371785382974
carryover_beta_0.9,211,25.39049775763493
carryover_beta_0.9,212,56.33128135834348
carryover_beta_0.9,213,48.94146538270724
carryover_beta_0.9,214,26.196478674560588
carryover_beta_0.9,215,26.196478674560588
carryover_beta_0.9,216,13.379852088930456
carryover_beta_0.9,217,27.4536739354601
carryover_beta_0.9,218,11.993621898152476
carryover_beta_0.9,219,45.97625189374871
carryover_beta_0.9,220,28.771203256660744
carryover_beta_0.9,221,42.52108200006278
carryover_beta_0.9,222,22.059646737841184
carryover_beta_0.9,223,26.196478674560588
carryover_beta_0.9,224,35.806340977539655
carryover_beta_0.9,225,29.22428378123494
carryover_beta_0.9,226,22.75989509352673
carryover_beta_0.9,227,38.71588573814723
carryover_beta_0.9,228,20.085536923187668
carryover_beta_0.9,229,39.32557222442699
carryover_beta_0.9,230,41.861853726676614
carryover_beta_0.9,231,11.444393964331121
carryover_beta_0.9,232,42.52108200006278
carryover_beta_0.9,233,30.151962130172098
carryover_beta_0.9,234,50.49503426195374
carryover_beta_0.9,235,74.62682298320091
carryover_beta_0.9,236,58.119428177447986
carryover_beta_0.9,237,20.401838105461145
carryover_beta_0.9,238,27.4536739354601
carryover_beta_0.9,239,5.491080233448797
carryover_beta_0.9,240,237.16355295871682
carryover_beta_0.9,241,61.867809250367884
carryover_beta_0.9,242,72.33079701870139
carryover_beta_0.9,243,59.964336869699544
carryover_beta_0.9,244,58.119428177447986
carryover_beta_0.9,245,33.11545195869231
carryover_beta_0.9,246,39.32557222442699
carryover_beta_0.9,247,63.83170433047907
carryover_beta_0.9,248,49.71218131735948
carryover_beta_0.9,249,39.94485987582193
carryover_beta_0.9,250,32.60204446315635
carryover_beta_0.9,251,10.584334175890335
carryover_beta_0.9,252,30.62678644311483
carryover_beta_0.9,253,53.75168417471723
carryover_beta_0.9,254,56.33128135834348
carryover_beta_0.9,255,18.28808948244362
carryover_beta_0.9,256,22.40703562619394
carryover_beta_0.9,257,36.37020880080945
carryover_beta_0.9,258,13.59055410055989
carryover_beta_0.9,259,215.9398723106141
carryover_beta_0.9,260,6.030771824634841
carryover_beta_0.9,261,24.9968545761854
carryover_beta_0.9,262,112.02812994692015
carryover_beta_0.9,263,3.545307861223541
carryover_beta_0.9,264,18.868615759264884
carryover_beta_0.9,265,41.2128458403547
carryover_beta_0.9,266,34.16664924473404
carryover_beta_0.9,267,54.598150033144236
carryover_beta_0.9,268,38.115651564714454
carryover_beta_0.9,269,25.790339917193062
carryover_beta_0.9,270,22.059646737841184
carryover_beta_0.9,271,115.58428452718766
carryover_beta_0.9,272,72.33079701870139
carryover_beta_0.9,273,34.16664924473404
carryover_beta_0.9,274,29.684499285876434
carryover_beta_0.9,275,8.372897488127265
carryover_beta_0.9,276,22.40703562619394
carryover_beta_0.9,277,20.401838105461145
carryover_beta_0.9,278,26.196478674560588
carryover_beta_0.9,279,22.75989509352673
carryover_beta_0.9,280,48.182698291098816
carryover_beta_0.9,281,63.83170433047907
carryover_beta_0.9,282,25.790339917193062
carryover_beta_0.9,283,67.9484955630781
carryover_beta_0.9,284,61.867809250367884
carryover_beta_0.9,285,74.62682298320091
carryover_beta_0.9,286,123.03883041717654
carryover_beta_0.9,287,17.180070153709277
carryover_beta_0.9,288,87.24759532868651
carryover_beta_0.9,289,24.9968545761854
carryover_beta_0.9,290,39.32557222442699
carryover_beta_0.9,291,31.598985005566618
carryover_beta_0.9,292,49.71218131735948
carryover_beta_0.9,293,11.092286978670202
carryover_beta_0.9,294,30.151962130172098
carryover_beta_0.9,295,56.33128135834348
carryover_beta_0.9,296,31.10908815096766
carryover_beta_0.9,297,108.5813867407896
carryover_beta_0.9,298,2.8265658663204203
carryover_beta_0.9,299,28.325147094540903
carryover_beta_0.9,300,72.33079701870139
carryover_beta_0.9,301,35.806340977539655
carryover_beta_0.9,302,5.621297448593752
